tema_principal,tono_cliente,menciona_fechas_limite,departamento_asignado,carga_actual_departamento,es_viernes_o_fin_semana,prioridad,riesgo_demora,tiempo_resolucion_dias
Legal,Emergencia,0,IT,22,1,ALTA,1,25.69
Administrativo,Molesto,1,Finanzas,41,0,MEDIA,0,10.81
Tecnico,Molesto,0,Ventas,50,0,MEDIA,0,10.96
Atencion_Cliente,Emergencia,0,Finanzas,32,1,ALTA,1,25.35
Administrativo,Emergencia,1,Ventas,2,0,ALTA,0,10.24
Financiero,Emergencia,0,Operaciones,28,0,MEDIA,0,8.58
Tecnico,Molesto,0,RRHH,21,0,MEDIA,0,2.65
Legal,Emergencia,1,IT,50,0,ALTA,1,27.08
Financiero,Calmado,0,Legal,3,0,BAJA,0,2.11
Atencion_Cliente,Emergencia,0,Ventas,25,0,MEDIA,0,5.2
Legal,Calmado,1,Legal,40,0,MEDIA,1,25.16
Legal,Calmado,1,Ventas,11,0,MEDIA,1,22.15
Financiero,Neutro,1,Finanzas,42,0,BAJA,0,11.37
Legal,Neutro,1,Operaciones,15,1,MEDIA,1,18.23
Atencion_Cliente,Molesto,1,RRHH,14,0,MEDIA,0,7.03
Financiero,Molesto,1,IT,35,0,MEDIA,0,6.57
Financiero,Emergencia,0,Legal,40,0,MEDIA,0,12.85
Legal,Emergencia,1,Operaciones,47,1,ALTA,1,24.29
Atencion_Cliente,Emergencia,1,Finanzas,45,0,ALTA,1,28.68
Administrativo,Neutro,0,Legal,20,1,BAJA,0,5.44
Administrativo,Neutro,1,IT,42,1,BAJA,0,11.28
Financiero,Molesto,0,Operaciones,49,1,BAJA,0,10.83
Financiero,Calmado,0,Ventas,24,1,BAJA,0,7.37
Legal,Emergencia,1,Finanzas,45,1,ALTA,1,27.64
Administrativo,Emergencia,0,IT,17,0,MEDIA,0,1.77
Financiero,Calmado,0,IT,48,0,BAJA,0,13.19
Tecnico,Neutro,1,IT,3,0,MEDIA,0,4.88
Administrativo,Molesto,0,Legal,40,1,BAJA,0,13.75
Tecnico,Molesto,0,Finanzas,10,0,MEDIA,0,9.73
Atencion_Cliente,Molesto,0,Finanzas,5,1,BAJA,0,4.68
Administrativo,Molesto,1,Operaciones,22,0,MEDIA,0,9.14
Tecnico,Calmado,0,Operaciones,7,1,BAJA,0,9.32
Legal,Calmado,1,Operaciones,26,1,MEDIA,1,22.39
Atencion_Cliente,Neutro,0,Legal,45,1,BAJA,0,11.89
Financiero,Molesto,0,RRHH,8,1,BAJA,0,7.41
Atencion_Cliente,Molesto,1,IT,1,0,MEDIA,0,10.78
Tecnico,Emergencia,1,IT,49,0,ALTA,1,30.88
Tecnico,Emergencia,0,RRHH,10,1,ALTA,0,10.3
Legal,Molesto,0,Finanzas,31,0,MEDIA,0,13.52
Financiero,Neutro,1,IT,25,0,BAJA,0,7.15
Tecnico,Emergencia,1,Operaciones,9,1,ALTA,0,5.83
Legal,Calmado,1,IT,43,1,MEDIA,1,26.98
Financiero,Molesto,0,Ventas,20,1,BAJA,0,8.47
Atencion_Cliente,Calmado,1,Operaciones,44,1,BAJA,0,7.77
Legal,Molesto,1,Ventas,7,1,MEDIA,0,7.83
Legal,Molesto,0,Legal,34,1,MEDIA,0,11.95
Legal,Molesto,0,Ventas,26,1,MEDIA,0,10.8
Legal,Emergencia,0,Finanzas,31,0,ALTA,1,23.27
Financiero,Emergencia,0,Legal,23,1,ALTA,1,16.4
Atencion_Cliente,Molesto,0,Finanzas,4,0,BAJA,0,8.22
Legal,Molesto,1,Finanzas,30,0,MEDIA,1,17.67
Financiero,Neutro,1,Finanzas,49,0,BAJA,0,9.55
Financiero,Neutro,1,IT,33,1,BAJA,0,15.85
Administrativo,Emergencia,0,IT,20,1,ALTA,0,9.95
Legal,Neutro,0,Finanzas,11,1,BAJA,0,8.9
Tecnico,Neutro,0,Finanzas,30,1,BAJA,0,3.53
Legal,Emergencia,0,Finanzas,34,1,ALTA,1,25.53
Legal,Emergencia,0,Legal,21,0,ALTA,1,20.7
Legal,Emergencia,1,Legal,46,1,ALTA,1,22.57
Tecnico,Calmado,0,Finanzas,26,1,BAJA,0,1.23
Financiero,Molesto,1,Ventas,42,0,MEDIA,0,9.45
Financiero,Calmado,0,IT,4,0,BAJA,0,3.55
Administrativo,Emergencia,1,RRHH,20,1,ALTA,0,1.73
Atencion_Cliente,Molesto,1,Operaciones,36,1,MEDIA,0,10.84
Financiero,Neutro,1,Finanzas,11,0,BAJA,0,9.33
Atencion_Cliente,Neutro,0,Finanzas,21,1,BAJA,0,9.14
Atencion_Cliente,Neutro,1,IT,8,1,BAJA,0,1.97
Atencion_Cliente,Molesto,1,Ventas,45,1,MEDIA,0,11.58
Tecnico,Molesto,0,Ventas,20,0,MEDIA,0,10.61
Financiero,Neutro,1,IT,20,1,BAJA,0,1.37
Financiero,Neutro,0,Operaciones,3,0,BAJA,0,4.99
Financiero,Molesto,1,RRHH,5,1,MEDIA,0,6.74
Financiero,Calmado,1,RRHH,5,1,BAJA,0,9.76
Administrativo,Calmado,1,Finanzas,1,1,BAJA,0,8.23
Financiero,Calmado,0,Operaciones,4,0,BAJA,0,9.32
Tecnico,Neutro,1,Operaciones,14,1,MEDIA,0,5.42
Tecnico,Calmado,1,Ventas,17,1,MEDIA,0,8.86
Atencion_Cliente,Molesto,1,Ventas,27,1,MEDIA,0,4.5
Atencion_Cliente,Emergencia,0,Ventas,47,0,MEDIA,0,14.28
Atencion_Cliente,Calmado,0,IT,5,1,BAJA,0,10.17
Financiero,Emergencia,1,Finanzas,25,1,ALTA,1,25.73
Financiero,Calmado,1,Ventas,4,1,BAJA,0,7.37
Financiero,Emergencia,1,Legal,9,1,ALTA,0,2.67
Administrativo,Molesto,1,IT,34,1,MEDIA,0,15.64
Tecnico,Molesto,0,Finanzas,22,1,MEDIA,0,6.05
Legal,Molesto,0,Ventas,5,0,MEDIA,0,10.56
Financiero,Neutro,0,IT,6,0,BAJA,0,3.8
Financiero,Molesto,0,Ventas,5,1,BAJA,0,1.32
Legal,Molesto,0,Legal,30,0,MEDIA,0,7.77
Tecnico,Calmado,1,RRHH,21,1,MEDIA,0,5.28
Legal,Calmado,1,Finanzas,19,1,MEDIA,1,24.56
Tecnico,Neutro,1,Ventas,5,0,MEDIA,0,3.97
Administrativo,Molesto,1,Operaciones,42,1,MEDIA,0,13.06
Financiero,Molesto,1,RRHH,40,0,MEDIA,0,7.57
Financiero,Emergencia,1,Legal,9,0,ALTA,0,1.71
Atencion_Cliente,Calmado,0,RRHH,13,1,BAJA,0,2.52
Financiero,Calmado,1,Finanzas,12,1,BAJA,0,6.21
Tecnico,Molesto,1,RRHH,32,0,MEDIA,0,7.15
Legal,Emergencia,0,IT,17,0,ALTA,0,1.14
Financiero,Molesto,0,RRHH,48,0,BAJA,0,9.19
Financiero,Molesto,1,Legal,30,0,MEDIA,0,2.69
Financiero,Neutro,0,Operaciones,25,1,BAJA,0,3.17
Atencion_Cliente,Molesto,0,Operaciones,35,0,BAJA,0,15.81
Financiero,Neutro,1,Legal,8,0,BAJA,0,10.99
Atencion_Cliente,Neutro,1,Finanzas,3,1,BAJA,0,2.57
Administrativo,Molesto,1,Legal,17,0,MEDIA,0,10.95
Financiero,Emergencia,0,Finanzas,21,1,ALTA,1,17.92
Administrativo,Neutro,0,Ventas,21,0,BAJA,0,5.04
Tecnico,Emergencia,0,Operaciones,15,0,ALTA,0,9.54
Financiero,Calmado,0,RRHH,41,1,BAJA,0,14.98
Tecnico,Emergencia,0,Operaciones,41,1,ALTA,1,27.99
Tecnico,Neutro,1,Operaciones,19,1,MEDIA,0,1.61
Legal,Neutro,0,Ventas,32,1,BAJA,0,10.46
Administrativo,Emergencia,1,Operaciones,11,0,ALTA,0,6.06
Legal,Emergencia,1,Operaciones,40,0,ALTA,1,27.23
Administrativo,Molesto,0,Operaciones,32,1,BAJA,0,13.26
Administrativo,Calmado,0,IT,17,1,BAJA,0,8.38
Financiero,Molesto,0,Ventas,25,1,BAJA,0,9.53
Administrativo,Neutro,0,Operaciones,31,1,BAJA,0,15.67
Administrativo,Molesto,1,IT,13,0,MEDIA,0,10.57
Administrativo,Neutro,1,IT,11,0,BAJA,0,1.57
Atencion_Cliente,Emergencia,1,IT,6,1,ALTA,0,1.01
Financiero,Neutro,0,Legal,8,0,BAJA,0,1.25
Tecnico,Molesto,1,Finanzas,3,0,MEDIA,0,1.83
Legal,Molesto,0,Ventas,35,1,MEDIA,0,7.35
Atencion_Cliente,Molesto,1,Operaciones,46,1,MEDIA,0,13.58
Financiero,Emergencia,0,Legal,23,0,MEDIA,0,7.22
Tecnico,Emergencia,0,Operaciones,4,1,ALTA,0,1.51
Financiero,Calmado,0,Ventas,44,1,BAJA,0,8.64
Atencion_Cliente,Calmado,1,Ventas,22,1,BAJA,0,10.89
Administrativo,Emergencia,0,RRHH,6,1,ALTA,0,5.94
Administrativo,Emergencia,0,Operaciones,48,0,MEDIA,0,15.42
Administrativo,Neutro,0,Ventas,11,1,BAJA,0,7.51
Atencion_Cliente,Calmado,0,Legal,15,1,BAJA,0,2.68
Financiero,Molesto,1,Legal,24,1,MEDIA,0,10.43
Atencion_Cliente,Calmado,1,Finanzas,38,1,BAJA,0,10.87
Legal,Molesto,0,Legal,38,0,MEDIA,0,6.88
Legal,Neutro,1,RRHH,28,0,MEDIA,1,22.44
Tecnico,Molesto,1,Finanzas,38,0,MEDIA,0,6.81
Atencion_Cliente,Neutro,0,Operaciones,46,0,BAJA,0,14.62
Atencion_Cliente,Calmado,0,Operaciones,4,0,BAJA,0,5.9
Financiero,Emergencia,0,RRHH,30,0,MEDIA,0,8.33
Legal,Calmado,0,Operaciones,18,0,BAJA,0,1.13
Atencion_Cliente,Calmado,0,Finanzas,8,0,BAJA,0,10.08
Tecnico,Neutro,1,IT,36,0,MEDIA,0,9.29
Tecnico,Neutro,0,RRHH,10,1,BAJA,0,8.06
Administrativo,Neutro,1,Finanzas,13,0,BAJA,0,3.16
Financiero,Emergencia,0,Operaciones,9,1,ALTA,0,3.96
Atencion_Cliente,Neutro,0,Legal,33,0,BAJA,0,7.33
Administrativo,Calmado,0,Legal,40,1,BAJA,0,11.1
Financiero,Emergencia,0,Operaciones,46,1,ALTA,1,28.78
Legal,Neutro,1,RRHH,16,0,MEDIA,1,16.69
Administrativo,Molesto,0,Finanzas,20,1,BAJA,0,9.55
Financiero,Neutro,1,RRHH,20,1,BAJA,0,1.34
Administrativo,Emergencia,1,Ventas,47,0,ALTA,1,28.21
Financiero,Calmado,1,RRHH,20,1,BAJA,0,4.72
Administrativo,Molesto,1,Ventas,37,0,MEDIA,0,6.92
Atencion_Cliente,Emergencia,0,IT,19,1,ALTA,0,6.33
Atencion_Cliente,Neutro,1,Legal,45,1,BAJA,0,13.09
Administrativo,Molesto,1,Legal,30,1,MEDIA,0,7.32
Legal,Molesto,0,Finanzas,11,0,MEDIA,0,6.17
Administrativo,Neutro,0,RRHH,24,1,BAJA,0,10.84
Administrativo,Calmado,0,IT,18,0,BAJA,0,1.59
Tecnico,Neutro,0,Ventas,18,1,BAJA,0,5.95
Administrativo,Calmado,0,Finanzas,11,1,BAJA,0,5.3
Administrativo,Molesto,0,Operaciones,27,0,BAJA,0,3.71
Administrativo,Emergencia,0,Legal,16,1,ALTA,0,10.24
Administrativo,Molesto,1,Ventas,48,0,MEDIA,0,15.07
Financiero,Calmado,1,Finanzas,5,0,BAJA,0,1.52
Atencion_Cliente,Neutro,0,Ventas,0,1,BAJA,0,10.73
Tecnico,Emergencia,0,Finanzas,41,0,ALTA,1,21.58
Financiero,Molesto,0,Operaciones,0,0,BAJA,0,7.43
Legal,Emergencia,0,Operaciones,30,0,ALTA,1,18.75
Tecnico,Neutro,1,Legal,36,0,MEDIA,0,7.45
Administrativo,Emergencia,1,Legal,30,0,ALTA,1,25.4
Administrativo,Molesto,0,Operaciones,42,0,BAJA,0,13.37
Legal,Calmado,0,IT,18,0,BAJA,0,9.37
Legal,Emergencia,0,Ventas,30,0,ALTA,1,17.04
Atencion_Cliente,Calmado,0,IT,42,0,BAJA,0,7.37
Tecnico,Emergencia,0,RRHH,22,0,ALTA,1,24.27
Financiero,Molesto,1,Operaciones,21,1,MEDIA,0,4.87
Legal,Emergencia,0,Operaciones,11,0,ALTA,0,4.11
Administrativo,Neutro,1,IT,40,0,BAJA,0,11.57
Legal,Neutro,1,RRHH,44,0,MEDIA,1,30.05
Tecnico,Neutro,1,IT,15,0,MEDIA,0,2.47
Legal,Emergencia,0,IT,29,0,ALTA,1,22.44
Legal,Neutro,0,IT,48,0,BAJA,0,15.85
Financiero,Neutro,0,Ventas,21,0,BAJA,0,6.61
Financiero,Neutro,0,Ventas,38,1,BAJA,0,15.32
Tecnico,Molesto,1,Legal,46,0,MEDIA,0,9.27
Administrativo,Calmado,0,IT,22,1,BAJA,0,8.0
Tecnico,Neutro,0,IT,37,1,BAJA,0,6.07
Legal,Neutro,1,Ventas,6,1,MEDIA,0,5.45
Financiero,Neutro,1,Legal,39,1,BAJA,0,14.73
Financiero,Neutro,0,Legal,12,0,BAJA,0,3.55
Tecnico,Molesto,1,Operaciones,48,1,MEDIA,0,9.84
Tecnico,Emergencia,1,RRHH,48,1,ALTA,1,26.0
Legal,Emergencia,1,IT,9,0,ALTA,0,6.77
Administrativo,Emergencia,0,RRHH,35,1,ALTA,1,23.0
Atencion_Cliente,Neutro,0,Legal,36,1,BAJA,0,8.14
Administrativo,Neutro,0,Operaciones,1,1,BAJA,0,1.88
Administrativo,Neutro,0,Ventas,34,1,BAJA,0,11.27
Tecnico,Molesto,0,Finanzas,6,1,MEDIA,0,9.2
Legal,Calmado,0,Operaciones,23,1,BAJA,0,9.72
Legal,Emergencia,1,RRHH,45,1,ALTA,1,24.5
Tecnico,Molesto,0,Legal,7,1,MEDIA,0,1.51
Atencion_Cliente,Molesto,0,Ventas,16,1,BAJA,0,3.92
Atencion_Cliente,Molesto,0,RRHH,43,1,BAJA,0,9.98
Legal,Molesto,0,RRHH,42,0,MEDIA,0,14.58
Atencion_Cliente,Neutro,1,Operaciones,50,1,BAJA,0,7.16
Administrativo,Neutro,0,Operaciones,26,0,BAJA,0,8.61
Tecnico,Molesto,0,Operaciones,16,0,MEDIA,0,2.93
Legal,Emergencia,0,Legal,28,1,ALTA,1,16.66
Financiero,Neutro,0,IT,43,1,BAJA,0,9.74
Atencion_Cliente,Emergencia,0,Legal,36,0,MEDIA,0,14.72
Tecnico,Calmado,0,Finanzas,40,0,BAJA,0,6.15
Legal,Molesto,0,Ventas,26,1,MEDIA,0,1.39
Legal,Molesto,0,Finanzas,23,1,MEDIA,0,1.27
Legal,Molesto,0,IT,28,1,MEDIA,0,5.29
Financiero,Emergencia,1,Operaciones,13,0,ALTA,0,6.15
Atencion_Cliente,Neutro,0,Operaciones,23,0,BAJA,0,1.17
Legal,Calmado,1,Legal,24,1,MEDIA,1,22.06
Legal,Calmado,0,Legal,19,1,BAJA,0,9.98
Atencion_Cliente,Emergencia,0,Legal,24,1,ALTA,1,16.47
Financiero,Emergencia,1,Ventas,27,0,ALTA,1,22.92
Administrativo,Calmado,1,Operaciones,4,1,BAJA,0,8.64
Tecnico,Calmado,0,Legal,30,1,BAJA,0,5.29
Atencion_Cliente,Neutro,0,RRHH,0,0,BAJA,0,1.49
Atencion_Cliente,Calmado,1,IT,50,0,BAJA,0,13.15
Administrativo,Emergencia,1,RRHH,24,1,ALTA,1,22.87
Tecnico,Emergencia,1,Ventas,25,0,ALTA,1,17.89
Atencion_Cliente,Neutro,1,Finanzas,33,0,BAJA,0,9.29
Financiero,Emergencia,0,Operaciones,46,1,ALTA,1,28.15
Administrativo,Emergencia,0,Ventas,5,0,MEDIA,0,5.62
Atencion_Cliente,Calmado,0,IT,44,1,BAJA,0,9.08
Financiero,Molesto,0,Operaciones,29,1,BAJA,0,6.63
Financiero,Neutro,0,Operaciones,8,0,BAJA,0,10.22
Administrativo,Neutro,0,Operaciones,36,1,BAJA,0,15.89
Financiero,Molesto,1,Finanzas,38,0,MEDIA,0,8.84
Tecnico,Emergencia,0,IT,9,1,ALTA,0,9.65
Financiero,Emergencia,0,Ventas,9,1,ALTA,0,6.1
Tecnico,Calmado,0,RRHH,39,1,BAJA,0,8.37
Tecnico,Emergencia,0,IT,30,1,ALTA,1,16.13
Legal,Molesto,0,Operaciones,4,1,MEDIA,0,8.24
Legal,Molesto,0,Ventas,30,1,MEDIA,0,2.67
Tecnico,Calmado,1,Operaciones,29,0,MEDIA,0,3.12
Atencion_Cliente,Emergencia,1,Legal,46,1,ALTA,1,27.17
Legal,Neutro,0,Finanzas,6,1,BAJA,0,7.79
Financiero,Calmado,1,IT,26,0,BAJA,0,1.0
Tecnico,Neutro,0,Operaciones,19,0,BAJA,0,9.12
Financiero,Calmado,0,Operaciones,15,1,BAJA,0,5.4
Atencion_Cliente,Molesto,0,Ventas,5,0,BAJA,0,7.7
Administrativo,Neutro,1,IT,28,1,BAJA,0,10.29
Financiero,Emergencia,1,Legal,11,1,ALTA,0,1.86
Tecnico,Calmado,1,RRHH,34,0,MEDIA,0,15.71
Financiero,Molesto,0,Legal,29,0,BAJA,0,2.7
Tecnico,Molesto,1,IT,4,1,MEDIA,0,1.04
Atencion_Cliente,Neutro,0,RRHH,48,0,BAJA,0,8.96
Atencion_Cliente,Emergencia,1,Legal,9,1,ALTA,0,9.62
Legal,Neutro,0,Finanzas,40,1,BAJA,0,11.52
Legal,Molesto,0,RRHH,19,1,MEDIA,0,8.97
Atencion_Cliente,Emergencia,1,Legal,5,1,ALTA,0,2.24
Financiero,Molesto,1,Finanzas,32,1,MEDIA,0,9.56
Administrativo,Neutro,0,Finanzas,11,1,BAJA,0,3.57
Atencion_Cliente,Calmado,1,Ventas,33,1,BAJA,0,8.73
Tecnico,Neutro,1,RRHH,3,1,MEDIA,0,8.48
Tecnico,Molesto,1,Ventas,24,0,MEDIA,0,2.05
Atencion_Cliente,Emergencia,0,RRHH,46,1,ALTA,1,29.45
Legal,Emergencia,1,Finanzas,7,0,ALTA,0,8.55
Administrativo,Molesto,0,Finanzas,43,1,BAJA,0,8.38
Tecnico,Calmado,0,Finanzas,20,0,BAJA,0,4.68
Tecnico,Emergencia,1,IT,13,0,ALTA,0,10.85
Legal,Emergencia,0,RRHH,2,1,ALTA,0,1.08
Financiero,Emergencia,0,Legal,2,0,MEDIA,0,3.74
Tecnico,Neutro,0,Finanzas,50,1,BAJA,0,8.57
Tecnico,Molesto,0,IT,29,1,MEDIA,0,4.8
Atencion_Cliente,Neutro,0,Finanzas,7,1,BAJA,0,4.96
Tecnico,Emergencia,0,RRHH,45,0,ALTA,1,30.51
Financiero,Molesto,0,IT,32,1,BAJA,0,7.21
Tecnico,Neutro,0,Ventas,35,0,BAJA,0,12.3
Legal,Emergencia,1,IT,2,0,ALTA,0,6.21
Administrativo,Calmado,0,Ventas,2,0,BAJA,0,6.8
Legal,Molesto,1,Operaciones,29,1,MEDIA,1,24.77
Legal,Emergencia,1,Finanzas,8,0,ALTA,0,3.7
Administrativo,Molesto,1,Operaciones,28,1,MEDIA,0,6.43
Financiero,Calmado,1,IT,38,1,BAJA,0,8.26
Atencion_Cliente,Molesto,1,Legal,25,0,MEDIA,0,9.31
Tecnico,Calmado,1,Legal,6,0,MEDIA,0,4.33
Atencion_Cliente,Molesto,0,Operaciones,33,0,BAJA,0,8.7
Atencion_Cliente,Neutro,0,Legal,0,1,BAJA,0,7.8
Administrativo,Molesto,0,RRHH,32,1,BAJA,0,6.46
Administrativo,Calmado,1,RRHH,12,1,BAJA,0,6.69
Legal,Calmado,0,Operaciones,40,1,BAJA,0,11.77
Atencion_Cliente,Neutro,1,RRHH,0,1,BAJA,0,5.38
Administrativo,Neutro,0,IT,49,0,BAJA,0,14.25
Atencion_Cliente,Calmado,1,IT,3,0,BAJA,0,7.25
Tecnico,Emergencia,1,IT,11,0,ALTA,0,3.77
Tecnico,Calmado,0,RRHH,47,1,BAJA,0,11.96
Atencion_Cliente,Neutro,1,Ventas,38,0,BAJA,0,14.4
Legal,Molesto,0,IT,19,1,MEDIA,0,5.01
Legal,Neutro,1,Finanzas,21,1,MEDIA,1,16.77
Tecnico,Molesto,0,RRHH,34,0,MEDIA,0,10.56
Financiero,Molesto,1,IT,11,0,MEDIA,0,5.73
Legal,Calmado,0,Ventas,17,1,BAJA,0,1.29
Tecnico,Neutro,1,Ventas,5,1,MEDIA,0,9.25
Administrativo,Emergencia,0,Finanzas,4,0,MEDIA,0,5.26
Financiero,Neutro,1,IT,12,0,BAJA,0,4.47
Financiero,Calmado,0,Legal,36,0,BAJA,0,9.74
Legal,Molesto,0,Operaciones,48,1,MEDIA,0,14.29
Financiero,Neutro,1,RRHH,33,1,BAJA,0,10.07
Atencion_Cliente,Calmado,0,Ventas,8,1,BAJA,0,1.97
Financiero,Neutro,1,Operaciones,38,1,BAJA,0,8.37
Atencion_Cliente,Molesto,0,Operaciones,42,1,BAJA,0,8.14
Legal,Calmado,0,RRHH,16,0,BAJA,0,6.6
Tecnico,Molesto,1,Finanzas,11,0,MEDIA,0,4.85
Tecnico,Calmado,1,Finanzas,17,1,MEDIA,0,2.7
Tecnico,Molesto,0,Legal,37,0,MEDIA,0,13.53
Atencion_Cliente,Molesto,1,IT,12,1,MEDIA,0,2.67
Legal,Calmado,1,RRHH,38,1,MEDIA,1,25.07
Administrativo,Emergencia,0,Legal,28,1,ALTA,1,16.47
Tecnico,Calmado,1,RRHH,5,1,MEDIA,0,5.19
Legal,Calmado,1,IT,21,1,MEDIA,1,22.46
Atencion_Cliente,Molesto,1,IT,13,0,MEDIA,0,7.65
Atencion_Cliente,Emergencia,1,RRHH,12,0,ALTA,0,9.11
Atencion_Cliente,Calmado,1,Operaciones,32,0,BAJA,0,8.12
Tecnico,Neutro,0,Ventas,46,1,BAJA,0,7.7
Legal,Calmado,1,RRHH,25,0,MEDIA,1,18.1
Financiero,Calmado,1,IT,48,1,BAJA,0,7.14
Administrativo,Molesto,1,Operaciones,2,1,MEDIA,0,4.93
Atencion_Cliente,Molesto,0,Ventas,15,1,BAJA,0,4.76
Atencion_Cliente,Molesto,0,Ventas,14,1,BAJA,0,7.71
Administrativo,Emergencia,1,IT,7,1,ALTA,0,9.57
Administrativo,Molesto,1,Finanzas,30,0,MEDIA,0,3.55
Atencion_Cliente,Calmado,0,Legal,5,1,BAJA,0,8.93
Tecnico,Molesto,0,Finanzas,13,1,MEDIA,0,1.0
Tecnico,Molesto,1,IT,19,1,MEDIA,0,8.35
Financiero,Molesto,0,RRHH,40,1,BAJA,0,15.71
Atencion_Cliente,Emergencia,1,RRHH,31,1,ALTA,1,27.33
Atencion_Cliente,Emergencia,0,Finanzas,27,1,ALTA,1,25.22
Administrativo,Emergencia,0,IT,6,1,ALTA,0,8.67
Financiero,Neutro,0,Operaciones,15,1,BAJA,0,2.29
Tecnico,Neutro,0,Ventas,34,1,BAJA,0,10.15
Administrativo,Neutro,1,IT,14,1,BAJA,0,5.57
Tecnico,Neutro,1,Operaciones,24,1,MEDIA,0,1.42
Legal,Neutro,0,IT,5,1,BAJA,0,10.75
Atencion_Cliente,Calmado,1,RRHH,1,0,BAJA,0,9.43
Legal,Calmado,0,Finanzas,5,1,BAJA,0,6.7
Financiero,Emergencia,1,Finanzas,26,0,ALTA,1,20.77
Atencion_Cliente,Neutro,1,RRHH,3,1,BAJA,0,3.66
Financiero,Neutro,0,Legal,32,1,BAJA,0,11.74
Atencion_Cliente,Emergencia,0,Operaciones,1,1,ALTA,0,4.44
Legal,Neutro,1,Ventas,42,1,MEDIA,1,23.02
Financiero,Neutro,1,Legal,30,1,BAJA,0,2.21
Atencion_Cliente,Molesto,0,Finanzas,26,1,BAJA,0,5.37
Financiero,Molesto,0,Ventas,14,1,BAJA,0,6.96
Atencion_Cliente,Emergencia,1,Legal,22,0,ALTA,1,25.36
Administrativo,Calmado,0,Finanzas,33,1,BAJA,0,12.78
Financiero,Molesto,0,Operaciones,27,0,BAJA,0,6.73
Legal,Molesto,0,Operaciones,42,1,MEDIA,0,15.87
Atencion_Cliente,Emergencia,1,Finanzas,0,0,ALTA,0,3.91
Tecnico,Neutro,1,Ventas,14,0,MEDIA,0,6.67
Legal,Emergencia,1,Operaciones,21,0,ALTA,1,21.18
Tecnico,Emergencia,0,RRHH,7,0,ALTA,0,2.82
Tecnico,Emergencia,0,Legal,37,1,ALTA,1,23.3
Legal,Molesto,0,Operaciones,8,1,MEDIA,0,4.32
Legal,Emergencia,1,Operaciones,7,1,ALTA,0,3.24
Tecnico,Emergencia,1,Ventas,37,0,ALTA,1,28.69
Financiero,Calmado,0,Operaciones,0,0,BAJA,0,2.61
Administrativo,Neutro,1,Ventas,1,1,BAJA,0,6.09
Tecnico,Molesto,0,Legal,6,0,MEDIA,0,5.34
Tecnico,Neutro,0,Finanzas,37,0,BAJA,0,8.35
Financiero,Molesto,0,Finanzas,2,0,BAJA,0,5.39
Financiero,Molesto,1,Legal,48,0,MEDIA,0,15.72
Financiero,Calmado,1,RRHH,38,0,BAJA,0,14.21
Legal,Calmado,1,Operaciones,50,0,MEDIA,1,26.19
Tecnico,Calmado,0,IT,16,0,BAJA,0,5.84
Atencion_Cliente,Calmado,0,Ventas,7,1,BAJA,0,4.61
Administrativo,Emergencia,1,Operaciones,13,1,ALTA,0,8.19
Atencion_Cliente,Molesto,0,Finanzas,23,0,BAJA,0,7.8
Atencion_Cliente,Emergencia,0,Ventas,13,1,ALTA,0,9.21
Administrativo,Emergencia,0,RRHH,4,0,MEDIA,0,6.75
Atencion_Cliente,Calmado,0,Legal,45,0,BAJA,0,14.31
Administrativo,Calmado,1,RRHH,19,1,BAJA,0,6.99
Legal,Calmado,1,Legal,5,0,MEDIA,0,9.74
Administrativo,Neutro,1,RRHH,12,0,BAJA,0,8.13
Financiero,Molesto,0,IT,46,0,BAJA,0,8.77
Atencion_Cliente,Neutro,1,Operaciones,35,1,BAJA,0,15.57
Legal,Emergencia,1,RRHH,40,1,ALTA,1,29.76
Legal,Calmado,0,Legal,14,0,BAJA,0,2.73
Legal,Neutro,0,Finanzas,45,0,BAJA,0,6.96
Tecnico,Molesto,0,IT,22,0,MEDIA,0,2.33
Legal,Neutro,0,Operaciones,50,0,BAJA,0,10.28
Legal,Emergencia,0,Finanzas,30,0,ALTA,1,21.0
Administrativo,Emergencia,0,Finanzas,11,0,MEDIA,0,3.24
Administrativo,Neutro,0,RRHH,16,1,BAJA,0,8.53
Financiero,Molesto,0,Legal,23,0,BAJA,0,3.08
Administrativo,Neutro,0,IT,16,1,BAJA,0,1.21
Tecnico,Neutro,0,Operaciones,35,1,BAJA,0,15.56
Atencion_Cliente,Neutro,0,RRHH,6,0,BAJA,0,8.12
Administrativo,Molesto,1,Finanzas,18,0,MEDIA,0,10.91
Financiero,Emergencia,1,Legal,5,1,ALTA,0,4.96
Administrativo,Emergencia,0,Legal,0,0,MEDIA,0,5.21
Financiero,Molesto,0,Ventas,3,0,BAJA,0,2.38
Tecnico,Molesto,1,RRHH,1,1,MEDIA,0,1.25
Atencion_Cliente,Emergencia,1,Operaciones,47,1,ALTA,1,29.72
Legal,Molesto,1,Legal,12,1,MEDIA,1,24.11
Administrativo,Neutro,0,Ventas,40,1,BAJA,0,9.83
Financiero,Emergencia,0,Legal,24,0,MEDIA,0,5.68
Tecnico,Calmado,0,IT,33,0,BAJA,0,10.95
Administrativo,Neutro,0,Legal,19,1,BAJA,0,6.26
Tecnico,Neutro,0,Finanzas,41,1,BAJA,0,14.7
Atencion_Cliente,Neutro,0,Operaciones,2,1,BAJA,0,10.96
Legal,Calmado,0,Finanzas,3,0,BAJA,0,2.56
Financiero,Neutro,1,Legal,49,0,BAJA,0,15.4
Administrativo,Molesto,0,Ventas,25,0,BAJA,0,1.44
Administrativo,Molesto,1,Legal,19,1,MEDIA,0,5.99
Legal,Calmado,1,Operaciones,12,0,MEDIA,1,22.14
Administrativo,Molesto,1,Operaciones,33,0,MEDIA,0,13.22
Administrativo,Emergencia,1,IT,24,1,ALTA,1,17.1
Tecnico,Emergencia,1,Legal,29,1,ALTA,1,16.99
Tecnico,Emergencia,1,Legal,6,0,ALTA,0,1.24
Administrativo,Calmado,0,Legal,13,0,BAJA,0,6.21
Tecnico,Molesto,0,Ventas,43,1,MEDIA,0,14.77
Legal,Emergencia,1,Operaciones,24,1,ALTA,1,18.51
Financiero,Emergencia,1,Operaciones,9,0,ALTA,0,4.18
Tecnico,Neutro,0,Legal,2,1,BAJA,0,8.65
Atencion_Cliente,Emergencia,0,Operaciones,37,0,MEDIA,0,8.13
Legal,Neutro,0,Ventas,18,0,BAJA,0,8.64
Legal,Neutro,0,Legal,43,1,BAJA,0,6.3
Financiero,Neutro,1,Legal,28,1,BAJA,0,10.18
Tecnico,Molesto,1,Ventas,41,1,MEDIA,0,12.6
Atencion_Cliente,Calmado,1,Operaciones,3,0,BAJA,0,5.18
Atencion_Cliente,Emergencia,0,Finanzas,39,0,MEDIA,0,10.59
Legal,Emergencia,1,RRHH,3,0,ALTA,0,4.8
Financiero,Molesto,1,Legal,36,1,MEDIA,0,8.75
Legal,Emergencia,0,Operaciones,36,1,ALTA,1,30.14
Atencion_Cliente,Molesto,1,Ventas,29,0,MEDIA,0,4.59
Financiero,Neutro,1,Operaciones,6,0,BAJA,0,1.07
Administrativo,Calmado,0,Ventas,33,1,BAJA,0,7.21
Tecnico,Neutro,1,Ventas,13,0,MEDIA,0,9.95
Financiero,Emergencia,1,RRHH,16,0,ALTA,0,5.76
Atencion_Cliente,Calmado,0,Ventas,19,1,BAJA,0,10.71
Atencion_Cliente,Neutro,1,Finanzas,26,0,BAJA,0,4.29
Financiero,Molesto,1,RRHH,34,0,MEDIA,0,12.34
Legal,Molesto,0,Finanzas,45,0,MEDIA,0,15.87
Atencion_Cliente,Calmado,0,Legal,22,1,BAJA,0,10.78
Legal,Molesto,1,RRHH,40,0,MEDIA,1,22.57
Atencion_Cliente,Neutro,1,Finanzas,1,1,BAJA,0,10.48
Atencion_Cliente,Calmado,0,Finanzas,21,1,BAJA,0,5.9
Atencion_Cliente,Neutro,1,IT,6,0,BAJA,0,1.24
Administrativo,Emergencia,1,Ventas,20,0,ALTA,0,3.62
Atencion_Cliente,Molesto,0,Finanzas,38,0,BAJA,0,10.59
Financiero,Neutro,1,Ventas,19,1,BAJA,0,2.67
Atencion_Cliente,Neutro,1,Finanzas,18,0,BAJA,0,8.99
Financiero,Molesto,0,Legal,7,0,BAJA,0,9.55
Administrativo,Calmado,0,Legal,44,0,BAJA,0,15.19
Administrativo,Neutro,1,Operaciones,5,0,BAJA,0,1.48
Legal,Emergencia,0,Operaciones,22,1,ALTA,1,24.11
Financiero,Emergencia,0,Ventas,44,1,ALTA,1,29.78
Atencion_Cliente,Emergencia,1,RRHH,47,0,ALTA,1,22.88
Tecnico,Emergencia,1,Operaciones,0,0,ALTA,0,1.18
Atencion_Cliente,Calmado,1,Operaciones,19,0,BAJA,0,9.25
Legal,Calmado,0,Ventas,5,1,BAJA,0,7.93
Tecnico,Molesto,0,Ventas,32,0,MEDIA,0,10.36
Atencion_Cliente,Molesto,1,RRHH,41,0,MEDIA,0,13.79
Financiero,Neutro,1,RRHH,26,1,BAJA,0,3.84
Atencion_Cliente,Neutro,1,Operaciones,36,1,BAJA,0,12.67
Financiero,Neutro,0,Operaciones,12,0,BAJA,0,1.83
Administrativo,Neutro,0,Ventas,24,0,BAJA,0,5.88
Legal,Calmado,0,Ventas,37,1,BAJA,0,14.28
Atencion_Cliente,Neutro,0,IT,45,0,BAJA,0,15.39
Financiero,Neutro,0,Operaciones,7,1,BAJA,0,9.61
Legal,Calmado,1,IT,24,0,MEDIA,1,23.68
Tecnico,Molesto,0,Ventas,33,0,MEDIA,0,8.46
Financiero,Emergencia,1,Finanzas,19,1,ALTA,0,9.61
Tecnico,Molesto,1,Operaciones,34,0,MEDIA,0,11.68
Tecnico,Neutro,0,Operaciones,17,1,BAJA,0,4.28
Atencion_Cliente,Calmado,0,RRHH,3,1,BAJA,0,2.81
Tecnico,Neutro,1,Finanzas,29,0,MEDIA,0,4.79
Administrativo,Neutro,0,Operaciones,14,1,BAJA,0,3.02
Atencion_Cliente,Emergencia,1,Ventas,10,1,ALTA,0,1.47
Legal,Emergencia,1,Legal,49,1,ALTA,1,27.7
Atencion_Cliente,Emergencia,0,RRHH,34,0,MEDIA,0,11.75
Legal,Emergencia,0,RRHH,28,1,ALTA,1,17.25
Tecnico,Emergencia,1,Ventas,45,0,ALTA,1,28.07
Legal,Molesto,0,IT,25,0,MEDIA,0,9.59
Administrativo,Emergencia,1,RRHH,23,1,ALTA,1,24.81
Atencion_Cliente,Molesto,1,Finanzas,44,0,MEDIA,0,9.71
Atencion_Cliente,Molesto,1,Finanzas,12,0,MEDIA,0,1.43
Financiero,Emergencia,0,IT,19,1,ALTA,0,7.82
Atencion_Cliente,Calmado,0,IT,37,0,BAJA,0,11.73
Tecnico,Emergencia,1,Operaciones,36,1,ALTA,1,28.31
Tecnico,Calmado,0,Ventas,46,1,BAJA,0,15.25
Financiero,Emergencia,0,Operaciones,47,0,MEDIA,0,15.96
Administrativo,Molesto,1,IT,31,0,MEDIA,0,11.86
Legal,Molesto,1,Ventas,18,1,MEDIA,1,21.18
Administrativo,Neutro,1,IT,49,0,BAJA,0,12.54
Financiero,Emergencia,0,Ventas,30,1,ALTA,1,17.91
Legal,Neutro,0,Finanzas,19,1,BAJA,0,4.25
Administrativo,Molesto,1,IT,15,1,MEDIA,0,3.58
Administrativo,Calmado,1,Operaciones,35,1,BAJA,0,11.73
Atencion_Cliente,Emergencia,1,Operaciones,28,0,ALTA,1,25.64
Financiero,Emergencia,0,IT,26,1,ALTA,1,19.28
Tecnico,Molesto,0,Finanzas,13,1,MEDIA,0,10.72
Financiero,Emergencia,0,Finanzas,5,1,ALTA,0,10.08
Administrativo,Molesto,0,Ventas,40,0,BAJA,0,12.96
Atencion_Cliente,Molesto,0,RRHH,5,1,BAJA,0,4.64
Atencion_Cliente,Calmado,1,Legal,3,0,BAJA,0,3.09
Legal,Emergencia,1,RRHH,9,0,ALTA,0,9.63
Legal,Calmado,0,IT,4,0,BAJA,0,2.93
Atencion_Cliente,Molesto,1,Ventas,34,0,MEDIA,0,11.44
Administrativo,Emergencia,0,Finanzas,19,1,ALTA,0,5.38
Atencion_Cliente,Emergencia,0,Ventas,24,0,MEDIA,0,7.86
Tecnico,Neutro,1,RRHH,21,0,MEDIA,0,8.62
Atencion_Cliente,Calmado,0,Operaciones,33,0,BAJA,0,6.48
Legal,Emergencia,0,Finanzas,7,1,ALTA,0,4.72
Administrativo,Molesto,0,RRHH,29,1,BAJA,0,6.26
Legal,Emergencia,0,RRHH,10,1,ALTA,0,5.22
Administrativo,Neutro,0,Operaciones,22,0,BAJA,0,2.68
Financiero,Emergencia,1,Legal,20,1,ALTA,0,3.76
Legal,Calmado,1,Ventas,34,1,MEDIA,1,24.98
Financiero,Molesto,1,Finanzas,0,1,MEDIA,0,10.48
Administrativo,Neutro,1,Ventas,3,0,BAJA,0,8.47
Financiero,Neutro,1,Ventas,5,0,BAJA,0,4.79
Tecnico,Molesto,0,Finanzas,29,0,MEDIA,0,5.38
Legal,Molesto,0,Legal,45,0,MEDIA,0,9.79
Tecnico,Calmado,0,IT,45,1,BAJA,0,9.04
Tecnico,Emergencia,0,Finanzas,19,1,ALTA,0,4.74
Legal,Calmado,0,RRHH,28,1,BAJA,0,3.07
Legal,Calmado,1,Ventas,7,1,MEDIA,0,10.35
Tecnico,Molesto,0,Finanzas,37,1,MEDIA,0,11.27
Legal,Molesto,0,IT,32,0,MEDIA,0,7.65
Legal,Calmado,0,Operaciones,32,0,BAJA,0,13.56
Atencion_Cliente,Emergencia,0,Legal,15,1,ALTA,0,1.73
Legal,Neutro,0,Operaciones,10,1,BAJA,0,1.16
Administrativo,Emergencia,0,Ventas,2,1,ALTA,0,6.74
Tecnico,Emergencia,0,Ventas,12,0,ALTA,0,2.18
Tecnico,Molesto,0,RRHH,21,0,MEDIA,0,4.43
Administrativo,Molesto,1,Operaciones,32,0,MEDIA,0,9.36
Financiero,Neutro,1,Finanzas,15,1,BAJA,0,4.21
Tecnico,Neutro,1,Ventas,24,0,MEDIA,0,3.5
Atencion_Cliente,Calmado,1,Operaciones,39,0,BAJA,0,7.89
Financiero,Calmado,0,Legal,44,1,BAJA,0,14.87
Administrativo,Neutro,1,Operaciones,3,0,BAJA,0,1.49
Financiero,Emergencia,0,RRHH,48,1,ALTA,1,29.47
Tecnico,Molesto,0,Legal,10,1,MEDIA,0,10.65
Legal,Emergencia,1,IT,1,0,ALTA,0,2.45
Atencion_Cliente,Molesto,0,IT,6,1,BAJA,0,1.62
Legal,Neutro,1,IT,3,1,MEDIA,0,5.16
Atencion_Cliente,Calmado,0,Operaciones,31,0,BAJA,0,9.35
Legal,Emergencia,1,Operaciones,37,1,ALTA,1,23.3
Legal,Molesto,1,RRHH,45,1,MEDIA,1,22.48
Administrativo,Emergencia,1,Operaciones,44,1,ALTA,1,30.86
Financiero,Molesto,1,Operaciones,17,1,MEDIA,0,7.86
Administrativo,Calmado,0,Legal,41,1,BAJA,0,14.01
Legal,Neutro,0,Ventas,37,0,BAJA,0,11.9
Atencion_Cliente,Emergencia,0,Operaciones,9,0,MEDIA,0,1.16
Tecnico,Emergencia,1,Operaciones,18,1,ALTA,0,8.53
Administrativo,Emergencia,0,IT,31,1,ALTA,1,22.12
Financiero,Molesto,0,Finanzas,7,1,BAJA,0,4.34
Legal,Neutro,0,Operaciones,12,1,BAJA,0,3.83
Tecnico,Molesto,1,Legal,28,1,MEDIA,0,2.43
Legal,Molesto,0,Operaciones,47,0,MEDIA,0,9.82
Tecnico,Neutro,1,Ventas,8,1,MEDIA,0,2.63
Atencion_Cliente,Calmado,1,Finanzas,28,1,BAJA,0,1.64
Tecnico,Molesto,1,RRHH,6,0,MEDIA,0,3.5
Legal,Molesto,1,RRHH,43,0,MEDIA,1,25.48
Administrativo,Calmado,1,Operaciones,17,1,BAJA,0,5.11
Financiero,Calmado,1,Finanzas,28,0,BAJA,0,6.26
Financiero,Calmado,0,Finanzas,44,0,BAJA,0,11.69
Administrativo,Calmado,0,IT,11,1,BAJA,0,6.81
Tecnico,Emergencia,0,Finanzas,31,0,ALTA,1,23.9
Administrativo,Calmado,0,Operaciones,33,0,BAJA,0,8.82
Financiero,Emergencia,1,Operaciones,8,1,ALTA,0,10.38
Financiero,Neutro,0,RRHH,46,1,BAJA,0,11.1
Atencion_Cliente,Calmado,0,Operaciones,22,0,BAJA,0,4.28
Financiero,Molesto,0,IT,24,1,BAJA,0,7.77
Financiero,Neutro,0,Operaciones,34,1,BAJA,0,15.99
Tecnico,Calmado,0,Ventas,32,0,BAJA,0,14.02
Administrativo,Neutro,1,Ventas,25,0,BAJA,0,3.76
Atencion_Cliente,Calmado,0,IT,33,0,BAJA,0,12.65
Tecnico,Molesto,0,Ventas,13,0,MEDIA,0,1.86
Tecnico,Neutro,0,Ventas,23,1,BAJA,0,2.27
Financiero,Calmado,0,Legal,15,1,BAJA,0,8.35
Atencion_Cliente,Molesto,1,Finanzas,23,1,MEDIA,0,3.37
Legal,Neutro,0,Legal,12,1,BAJA,0,6.22
Atencion_Cliente,Calmado,0,Ventas,34,0,BAJA,0,14.31
Financiero,Molesto,1,Finanzas,15,0,MEDIA,0,10.8
Legal,Molesto,0,Finanzas,5,1,MEDIA,0,2.84
Administrativo,Molesto,0,Legal,20,1,BAJA,0,1.16
Tecnico,Molesto,1,RRHH,40,1,MEDIA,0,7.18
Administrativo,Molesto,1,RRHH,26,1,MEDIA,0,10.96
Tecnico,Molesto,0,Finanzas,5,0,MEDIA,0,3.34
Administrativo,Calmado,0,Finanzas,20,1,BAJA,0,3.85
Financiero,Emergencia,1,RRHH,10,0,ALTA,0,3.65
Financiero,Molesto,1,Ventas,47,1,MEDIA,0,7.03
Financiero,Neutro,0,Ventas,17,1,BAJA,0,9.25
Atencion_Cliente,Molesto,1,RRHH,26,1,MEDIA,0,3.76
Administrativo,Neutro,0,IT,50,1,BAJA,0,6.58
Tecnico,Emergencia,1,Finanzas,38,1,ALTA,1,21.83
Atencion_Cliente,Calmado,0,Ventas,8,1,BAJA,0,8.76
Tecnico,Neutro,1,Ventas,3,1,MEDIA,0,10.56
Atencion_Cliente,Calmado,0,RRHH,4,0,BAJA,0,3.61
Financiero,Calmado,0,Finanzas,15,0,BAJA,0,2.26
Atencion_Cliente,Neutro,1,Ventas,1,1,BAJA,0,4.74
Atencion_Cliente,Molesto,1,Legal,43,1,MEDIA,0,11.51
Financiero,Emergencia,0,Operaciones,9,0,MEDIA,0,7.09
Atencion_Cliente,Emergencia,0,Operaciones,44,1,ALTA,1,24.71
Financiero,Molesto,0,Operaciones,10,1,BAJA,0,1.31
Administrativo,Neutro,0,RRHH,50,0,BAJA,0,6.03
Tecnico,Neutro,0,Finanzas,5,1,BAJA,0,8.17
Atencion_Cliente,Calmado,1,Ventas,18,0,BAJA,0,2.01
Financiero,Neutro,0,IT,47,1,BAJA,0,6.29
Tecnico,Molesto,0,Operaciones,9,0,MEDIA,0,3.93
Administrativo,Molesto,0,Legal,2,0,BAJA,0,2.14
Legal,Calmado,1,Operaciones,17,1,MEDIA,1,18.82
Tecnico,Neutro,0,RRHH,49,1,BAJA,0,10.18
Tecnico,Neutro,0,Operaciones,5,0,BAJA,0,6.58
Legal,Molesto,0,RRHH,49,1,MEDIA,0,10.09
Tecnico,Emergencia,1,IT,27,1,ALTA,1,17.38
Atencion_Cliente,Neutro,0,Operaciones,34,0,BAJA,0,6.28
Tecnico,Neutro,0,Finanzas,26,0,BAJA,0,5.72
Financiero,Emergencia,0,Legal,16,1,ALTA,0,1.09
Financiero,Calmado,1,RRHH,49,0,BAJA,0,6.69
Administrativo,Calmado,1,Legal,9,1,BAJA,0,9.84
Financiero,Calmado,0,Ventas,42,0,BAJA,0,10.94
Tecnico,Calmado,0,Ventas,46,1,BAJA,0,15.64
Atencion_Cliente,Emergencia,0,IT,5,1,ALTA,0,3.34
Tecnico,Molesto,0,Legal,11,1,MEDIA,0,1.66
Tecnico,Neutro,1,Operaciones,13,1,MEDIA,0,7.23
Tecnico,Neutro,0,RRHH,37,0,BAJA,0,12.4
Tecnico,Emergencia,0,Operaciones,43,1,ALTA,1,23.33
Administrativo,Calmado,0,Ventas,0,0,BAJA,0,1.31
Tecnico,Molesto,0,Finanzas,16,0,MEDIA,0,9.57
Tecnico,Molesto,1,Finanzas,10,1,MEDIA,0,6.8
Atencion_Cliente,Calmado,0,Ventas,22,1,BAJA,0,10.52
Legal,Molesto,1,Legal,12,0,MEDIA,1,24.08
Atencion_Cliente,Neutro,0,Finanzas,32,1,BAJA,0,12.55
Tecnico,Emergencia,1,Operaciones,25,0,ALTA,1,19.55
Administrativo,Calmado,1,RRHH,32,0,BAJA,0,13.19
Tecnico,Molesto,1,Legal,26,1,MEDIA,0,8.91
Administrativo,Molesto,1,Legal,48,0,MEDIA,0,14.98
Financiero,Neutro,0,IT,4,1,BAJA,0,2.59
Legal,Molesto,1,Ventas,33,1,MEDIA,1,25.32
Tecnico,Neutro,1,IT,13,1,MEDIA,0,8.32
Administrativo,Neutro,0,RRHH,30,1,BAJA,0,8.27
Atencion_Cliente,Neutro,0,Operaciones,30,0,BAJA,0,9.83
Atencion_Cliente,Molesto,1,IT,18,0,MEDIA,0,1.94
Tecnico,Emergencia,0,Operaciones,50,0,ALTA,1,27.89
Legal,Emergencia,0,IT,35,0,ALTA,1,21.52
Financiero,Neutro,0,RRHH,9,0,BAJA,0,7.28
Administrativo,Neutro,0,Ventas,17,1,BAJA,0,1.22
Administrativo,Neutro,1,RRHH,48,0,BAJA,0,12.57
Legal,Emergencia,0,RRHH,9,0,ALTA,0,6.87
Financiero,Calmado,1,RRHH,42,1,BAJA,0,8.12
Financiero,Neutro,1,Operaciones,39,1,BAJA,0,8.01
Atencion_Cliente,Molesto,0,IT,23,1,BAJA,0,10.7
Legal,Molesto,1,RRHH,38,0,MEDIA,1,30.51
Atencion_Cliente,Calmado,1,Finanzas,37,1,BAJA,0,6.58
Financiero,Emergencia,0,RRHH,45,1,ALTA,1,23.88
Atencion_Cliente,Calmado,1,IT,25,1,BAJA,0,6.83
Financiero,Emergencia,1,IT,47,1,ALTA,1,25.05
Administrativo,Calmado,0,IT,23,0,BAJA,0,6.79
Atencion_Cliente,Molesto,0,RRHH,6,0,BAJA,0,6.9
Legal,Calmado,0,RRHH,12,0,BAJA,0,5.05
Administrativo,Emergencia,0,Operaciones,42,1,ALTA,1,26.29
Atencion_Cliente,Neutro,0,Ventas,49,0,BAJA,0,15.75
Atencion_Cliente,Molesto,0,Operaciones,49,1,BAJA,0,9.14
Administrativo,Emergencia,1,Ventas,31,0,ALTA,1,27.12
Atencion_Cliente,Molesto,1,Legal,45,1,MEDIA,0,8.59
Administrativo,Calmado,1,Operaciones,27,0,BAJA,0,2.18
Financiero,Calmado,0,Operaciones,19,0,BAJA,0,10.2
Atencion_Cliente,Molesto,1,IT,6,1,MEDIA,0,7.13
Atencion_Cliente,Calmado,0,IT,49,1,BAJA,0,10.78
Legal,Neutro,0,Legal,35,0,BAJA,0,8.5
Atencion_Cliente,Neutro,0,RRHH,1,1,BAJA,0,7.06
Administrativo,Neutro,0,Operaciones,33,1,BAJA,0,12.84
Tecnico,Emergencia,0,Legal,42,1,ALTA,1,27.63
Administrativo,Emergencia,1,RRHH,48,0,ALTA,1,30.91
Tecnico,Molesto,0,Finanzas,42,0,MEDIA,0,15.99
Administrativo,Molesto,1,IT,45,1,MEDIA,0,10.56
Administrativo,Emergencia,1,IT,43,1,ALTA,1,29.98
Tecnico,Calmado,1,IT,7,1,MEDIA,0,9.51
Financiero,Calmado,1,RRHH,38,0,BAJA,0,9.08
Legal,Neutro,0,IT,20,0,BAJA,0,8.91
Atencion_Cliente,Emergencia,1,Finanzas,46,0,ALTA,1,26.76
Financiero,Molesto,0,Operaciones,33,1,BAJA,0,14.06
Legal,Molesto,1,Legal,29,1,MEDIA,1,16.99
Atencion_Cliente,Neutro,1,Operaciones,45,1,BAJA,0,6.43
Financiero,Calmado,1,Finanzas,35,1,BAJA,0,12.19
Administrativo,Neutro,1,Operaciones,3,0,BAJA,0,2.28
Financiero,Molesto,1,Operaciones,50,0,MEDIA,0,12.1
Tecnico,Emergencia,1,RRHH,24,0,ALTA,1,19.06
Legal,Neutro,0,RRHH,16,0,BAJA,0,2.75
Atencion_Cliente,Emergencia,1,IT,19,1,ALTA,0,3.99
Atencion_Cliente,Molesto,0,Finanzas,36,1,BAJA,0,13.52
Administrativo,Calmado,0,Ventas,36,0,BAJA,0,13.99
Administrativo,Emergencia,0,RRHH,34,0,MEDIA,0,10.82
Administrativo,Neutro,1,Finanzas,49,0,BAJA,0,10.91
Financiero,Molesto,1,RRHH,13,1,MEDIA,0,3.13
Tecnico,Molesto,0,Finanzas,6,1,MEDIA,0,1.64
Financiero,Emergencia,0,Finanzas,13,1,ALTA,0,10.05
Financiero,Calmado,1,Operaciones,2,1,BAJA,0,6.07
Legal,Molesto,1,Finanzas,1,0,MEDIA,0,8.05
Atencion_Cliente,Molesto,1,Finanzas,42,1,MEDIA,0,13.47
Tecnico,Molesto,0,Operaciones,32,1,MEDIA,0,8.07
Tecnico,Emergencia,0,Finanzas,7,1,ALTA,0,8.99
Legal,Molesto,0,Ventas,42,1,MEDIA,0,9.84
Legal,Emergencia,0,IT,49,1,ALTA,1,22.39
Financiero,Emergencia,1,Ventas,35,0,ALTA,1,24.41
Financiero,Neutro,0,Operaciones,50,0,BAJA,0,13.33
Legal,Neutro,1,Legal,25,0,MEDIA,1,18.34
Atencion_Cliente,Molesto,1,Legal,15,0,MEDIA,0,2.17
Legal,Neutro,0,Legal,17,1,BAJA,0,6.0
Legal,Emergencia,1,IT,14,0,ALTA,1,22.29
Administrativo,Molesto,0,RRHH,21,1,BAJA,0,5.65
Administrativo,Neutro,1,Ventas,19,1,BAJA,0,3.16
Financiero,Calmado,1,IT,30,0,BAJA,0,3.52
Atencion_Cliente,Emergencia,0,Legal,31,0,MEDIA,0,11.84
Financiero,Neutro,0,Legal,6,1,BAJA,0,5.34
Tecnico,Emergencia,0,IT,23,0,ALTA,1,19.08
Financiero,Calmado,1,Ventas,40,0,BAJA,0,8.71
Financiero,Emergencia,1,RRHH,36,1,ALTA,1,27.33
Administrativo,Molesto,0,RRHH,20,1,BAJA,0,9.75
Administrativo,Neutro,1,IT,19,0,BAJA,0,6.34
Tecnico,Molesto,0,Ventas,2,0,MEDIA,0,3.33
Atencion_Cliente,Emergencia,0,Finanzas,7,0,MEDIA,0,7.55
Tecnico,Neutro,0,Finanzas,37,0,BAJA,0,10.12
Legal,Emergencia,0,RRHH,13,1,ALTA,0,8.67
Tecnico,Emergencia,1,Ventas,27,1,ALTA,1,22.6
Legal,Emergencia,1,Ventas,47,1,ALTA,1,21.56
Tecnico,Emergencia,0,Ventas,40,0,ALTA,1,28.58
Tecnico,Emergencia,0,RRHH,9,1,ALTA,0,1.87
Atencion_Cliente,Neutro,0,Finanzas,30,0,BAJA,0,7.7
Financiero,Emergencia,0,RRHH,24,0,MEDIA,0,8.84
Atencion_Cliente,Neutro,0,Legal,40,1,BAJA,0,12.2
Administrativo,Neutro,1,IT,33,1,BAJA,0,7.4
Legal,Neutro,0,Finanzas,48,1,BAJA,0,8.41
Tecnico,Emergencia,0,Operaciones,1,0,ALTA,0,9.23
Administrativo,Emergencia,1,Operaciones,43,0,ALTA,1,28.58
Legal,Neutro,1,Operaciones,20,1,MEDIA,1,16.71
Financiero,Calmado,1,Legal,23,1,BAJA,0,7.62
Financiero,Molesto,1,Legal,47,0,MEDIA,0,13.6
Legal,Neutro,1,Operaciones,44,1,MEDIA,1,25.2
Financiero,Neutro,0,Finanzas,45,0,BAJA,0,8.08
Atencion_Cliente,Molesto,0,Ventas,3,1,BAJA,0,2.01
Administrativo,Emergencia,0,Ventas,48,0,MEDIA,0,11.12
Financiero,Calmado,0,Legal,44,1,BAJA,0,10.58
Legal,Molesto,1,Finanzas,14,0,MEDIA,1,20.05
Atencion_Cliente,Molesto,0,Finanzas,15,0,BAJA,0,1.69
Financiero,Calmado,1,Legal,1,1,BAJA,0,5.03
Atencion_Cliente,Emergencia,0,RRHH,39,1,ALTA,1,24.09
Atencion_Cliente,Molesto,1,Finanzas,34,0,MEDIA,0,9.79
Financiero,Emergencia,1,Operaciones,20,0,ALTA,0,1.51
Administrativo,Calmado,0,Ventas,44,1,BAJA,0,14.78
Tecnico,Emergencia,0,Ventas,4,0,ALTA,0,6.83
Administrativo,Emergencia,0,RRHH,22,0,MEDIA,0,9.15
Legal,Neutro,0,Finanzas,27,0,BAJA,0,5.41
Administrativo,Molesto,1,IT,40,1,MEDIA,0,10.8
Legal,Neutro,1,RRHH,43,1,MEDIA,1,30.05
Tecnico,Calmado,1,Ventas,21,1,MEDIA,0,1.22
Tecnico,Neutro,0,RRHH,50,0,BAJA,0,7.19
Administrativo,Emergencia,0,Operaciones,43,1,ALTA,1,23.62
Legal,Calmado,0,Ventas,17,0,BAJA,0,10.42
Tecnico,Emergencia,1,IT,24,1,ALTA,1,17.54
Tecnico,Molesto,0,RRHH,8,1,MEDIA,0,1.78
Atencion_Cliente,Calmado,0,IT,7,1,BAJA,0,8.48
Tecnico,Molesto,1,Legal,35,0,MEDIA,0,12.86
Tecnico,Neutro,1,IT,32,1,MEDIA,0,13.89
Legal,Neutro,0,Operaciones,48,0,BAJA,0,8.02
Tecnico,Neutro,1,Legal,40,1,MEDIA,0,10.42
Financiero,Calmado,0,Operaciones,24,0,BAJA,0,2.25
Legal,Emergencia,1,Legal,1,1,ALTA,0,6.01
Atencion_Cliente,Molesto,1,Legal,47,0,MEDIA,0,6.78
Atencion_Cliente,Calmado,0,Finanzas,23,0,BAJA,0,1.53
Financiero,Calmado,1,Ventas,30,0,BAJA,0,10.19
Financiero,Calmado,0,Ventas,35,0,BAJA,0,14.01
Administrativo,Molesto,0,IT,9,0,BAJA,0,9.23
Administrativo,Calmado,0,Ventas,2,0,BAJA,0,8.59
Administrativo,Calmado,1,Operaciones,37,0,BAJA,0,15.41
Tecnico,Molesto,1,RRHH,34,1,MEDIA,0,12.7
Legal,Molesto,1,IT,10,0,MEDIA,0,9.26
Atencion_Cliente,Neutro,0,Operaciones,9,0,BAJA,0,1.52
Atencion_Cliente,Molesto,0,Operaciones,37,0,BAJA,0,7.13
Tecnico,Neutro,0,Operaciones,0,0,BAJA,0,7.3
Financiero,Molesto,1,Legal,35,1,MEDIA,0,7.75
Tecnico,Emergencia,0,Finanzas,45,1,ALTA,1,28.83
Financiero,Emergencia,0,Legal,27,1,ALTA,1,19.05
Atencion_Cliente,Emergencia,1,Operaciones,19,0,ALTA,0,8.02
Administrativo,Emergencia,1,RRHH,1,0,ALTA,0,7.89
Atencion_Cliente,Molesto,1,IT,12,0,MEDIA,0,10.6
Tecnico,Molesto,1,Operaciones,16,1,MEDIA,0,1.78
Legal,Neutro,0,Ventas,9,0,BAJA,0,4.24
Tecnico,Neutro,0,RRHH,18,1,BAJA,0,7.06
Administrativo,Calmado,0,IT,15,0,BAJA,0,7.37
Financiero,Molesto,0,IT,8,0,BAJA,0,6.02
Administrativo,Molesto,0,RRHH,1,0,BAJA,0,10.85
Administrativo,Neutro,0,IT,12,1,BAJA,0,8.75
Administrativo,Molesto,0,Operaciones,13,0,BAJA,0,8.63
Legal,Calmado,1,Legal,25,1,MEDIA,1,21.14
Legal,Emergencia,1,Operaciones,30,0,ALTA,1,18.14
Tecnico,Calmado,1,IT,0,1,MEDIA,0,9.58
Financiero,Neutro,1,Operaciones,8,1,BAJA,0,2.11
Legal,Calmado,1,IT,41,0,MEDIA,1,29.01
Financiero,Molesto,0,Finanzas,16,1,BAJA,0,2.49
Tecnico,Emergencia,1,RRHH,33,0,ALTA,1,21.01
Legal,Emergencia,0,IT,27,1,ALTA,1,16.94
Financiero,Emergencia,0,RRHH,39,1,ALTA,1,27.67
Financiero,Neutro,1,RRHH,33,1,BAJA,0,10.59
Tecnico,Calmado,0,Operaciones,11,0,BAJA,0,6.0
Financiero,Emergencia,0,Operaciones,14,1,ALTA,0,6.38
Tecnico,Molesto,0,Operaciones,22,0,MEDIA,0,7.81
Administrativo,Neutro,1,RRHH,1,1,BAJA,0,4.89
Administrativo,Emergencia,1,Ventas,23,0,ALTA,1,17.78
Financiero,Calmado,0,Legal,47,1,BAJA,0,10.38
Financiero,Calmado,1,Ventas,11,1,BAJA,0,5.1
Legal,Emergencia,0,RRHH,5,1,ALTA,0,3.73
Legal,Calmado,0,Legal,33,0,BAJA,0,6.05
Atencion_Cliente,Molesto,0,Operaciones,22,0,BAJA,0,1.46
Legal,Emergencia,0,Finanzas,31,1,ALTA,1,28.3
Financiero,Molesto,0,Operaciones,13,1,BAJA,0,6.31
Financiero,Emergencia,0,Operaciones,36,0,MEDIA,0,9.71
Atencion_Cliente,Calmado,0,Operaciones,21,1,BAJA,0,2.91
Administrativo,Calmado,1,RRHH,24,1,BAJA,0,2.11
Financiero,Emergencia,1,Finanzas,11,1,ALTA,0,10.65
Atencion_Cliente,Emergencia,0,Ventas,38,0,MEDIA,0,14.36
Financiero,Emergencia,0,Operaciones,28,0,MEDIA,0,10.78
Legal,Molesto,0,IT,24,1,MEDIA,0,3.38
Financiero,Calmado,1,Finanzas,44,1,BAJA,0,15.72
Legal,Emergencia,1,Finanzas,41,0,ALTA,1,30.21
Legal,Calmado,0,Legal,2,0,BAJA,0,7.1
Tecnico,Neutro,1,Ventas,14,0,MEDIA,0,8.94
Administrativo,Neutro,1,IT,32,1,BAJA,0,11.72
Atencion_Cliente,Molesto,1,Legal,7,1,MEDIA,0,8.14
Administrativo,Calmado,1,Legal,47,1,BAJA,0,11.84
Tecnico,Molesto,0,Finanzas,40,1,MEDIA,0,12.67
Administrativo,Molesto,1,Operaciones,44,0,MEDIA,0,9.93
Legal,Emergencia,1,Legal,5,0,ALTA,0,7.47
Atencion_Cliente,Calmado,1,RRHH,24,0,BAJA,0,3.23
Financiero,Molesto,0,Legal,4,1,BAJA,0,9.86
Legal,Molesto,1,Finanzas,22,1,MEDIA,1,18.99
Financiero,Molesto,0,Operaciones,10,0,BAJA,0,2.61
Tecnico,Calmado,0,Finanzas,50,0,BAJA,0,15.06
Financiero,Neutro,0,Legal,14,0,BAJA,0,5.43
Atencion_Cliente,Emergencia,1,IT,1,1,ALTA,0,10.88
Legal,Neutro,1,Legal,9,0,MEDIA,0,6.73
Tecnico,Molesto,0,RRHH,16,0,MEDIA,0,8.82
Administrativo,Molesto,1,IT,35,0,MEDIA,0,11.14
Atencion_Cliente,Molesto,1,RRHH,36,1,MEDIA,0,6.22
Tecnico,Emergencia,0,Ventas,47,0,ALTA,1,22.67
Administrativo,Emergencia,0,Ventas,24,1,ALTA,1,24.53
Tecnico,Calmado,1,Legal,25,0,MEDIA,0,9.7
Financiero,Molesto,1,Operaciones,50,0,MEDIA,0,14.88
Administrativo,Calmado,0,Finanzas,20,1,BAJA,0,6.46
Tecnico,Molesto,0,Legal,39,1,MEDIA,0,15.35
Tecnico,Neutro,0,Ventas,23,1,BAJA,0,2.53
Administrativo,Emergencia,0,Finanzas,6,0,MEDIA,0,2.76
Tecnico,Neutro,1,RRHH,37,1,MEDIA,0,15.17
Tecnico,Molesto,0,Operaciones,45,1,MEDIA,0,9.95
Legal,Calmado,1,Operaciones,45,0,MEDIA,1,21.81
Financiero,Neutro,0,Finanzas,44,1,BAJA,0,8.09
Legal,Neutro,0,RRHH,49,0,BAJA,0,8.04
Legal,Molesto,0,RRHH,31,0,MEDIA,0,6.93
Administrativo,Calmado,1,IT,32,0,BAJA,0,11.57
Financiero,Emergencia,0,Ventas,29,0,MEDIA,0,6.72
Administrativo,Emergencia,1,Finanzas,2,0,ALTA,0,5.29
Legal,Emergencia,1,Ventas,32,1,ALTA,1,22.91
Administrativo,Neutro,0,Ventas,22,1,BAJA,0,4.11
Financiero,Molesto,1,Finanzas,1,1,MEDIA,0,4.66
Legal,Calmado,0,RRHH,13,0,BAJA,0,4.76
Administrativo,Calmado,0,Ventas,47,0,BAJA,0,8.18
Tecnico,Neutro,1,RRHH,28,0,MEDIA,0,5.61
Atencion_Cliente,Neutro,0,RRHH,34,0,BAJA,0,12.1
Administrativo,Emergencia,0,RRHH,0,1,ALTA,0,4.76
Financiero,Neutro,0,Finanzas,33,1,BAJA,0,12.2
Administrativo,Neutro,1,Finanzas,32,1,BAJA,0,15.76
Financiero,Emergencia,1,IT,28,1,ALTA,1,23.44
Atencion_Cliente,Neutro,0,Legal,19,1,BAJA,0,4.83
Legal,Neutro,0,Legal,12,1,BAJA,0,1.33
Atencion_Cliente,Emergencia,1,Legal,19,0,ALTA,0,9.99
Legal,Calmado,0,Ventas,44,0,BAJA,0,13.51
Atencion_Cliente,Neutro,1,Finanzas,30,1,BAJA,0,2.06
Atencion_Cliente,Neutro,0,Legal,49,1,BAJA,0,12.81
Atencion_Cliente,Molesto,1,IT,24,1,MEDIA,0,3.87
Legal,Neutro,0,IT,30,1,BAJA,0,3.95
Financiero,Calmado,0,Finanzas,20,1,BAJA,0,9.78
Financiero,Molesto,0,RRHH,15,1,BAJA,0,6.53
Atencion_Cliente,Calmado,0,Finanzas,12,1,BAJA,0,8.09
Atencion_Cliente,Neutro,0,Operaciones,41,1,BAJA,0,6.62
Legal,Molesto,1,Legal,19,0,MEDIA,1,20.13
Atencion_Cliente,Molesto,0,Operaciones,42,1,BAJA,0,11.91
Atencion_Cliente,Neutro,0,Finanzas,7,1,BAJA,0,2.3
Atencion_Cliente,Molesto,1,IT,30,0,MEDIA,0,2.8
Legal,Neutro,1,IT,14,0,MEDIA,1,18.75
Financiero,Neutro,0,RRHH,29,1,BAJA,0,8.6
Financiero,Calmado,1,RRHH,13,1,BAJA,0,9.09
Tecnico,Neutro,0,RRHH,13,0,BAJA,0,5.97
Administrativo,Neutro,1,Legal,14,0,BAJA,0,10.0
Tecnico,Molesto,0,Operaciones,7,1,MEDIA,0,5.14
Financiero,Emergencia,0,RRHH,18,0,MEDIA,0,10.23
Administrativo,Neutro,1,Operaciones,47,0,BAJA,0,12.2
Tecnico,Calmado,0,IT,23,0,BAJA,0,9.78
Legal,Molesto,0,Finanzas,9,1,MEDIA,0,4.28
Financiero,Molesto,1,RRHH,45,1,MEDIA,0,13.54
Administrativo,Emergencia,1,Legal,32,0,ALTA,1,25.7
Financiero,Molesto,0,IT,15,1,BAJA,0,2.4
Legal,Emergencia,1,IT,26,1,ALTA,1,21.78
Administrativo,Neutro,1,Finanzas,5,1,BAJA,0,9.68
Tecnico,Molesto,0,Ventas,15,0,MEDIA,0,7.13
Administrativo,Molesto,1,Finanzas,49,0,MEDIA,0,6.33
Administrativo,Neutro,1,Ventas,42,1,BAJA,0,11.12
Atencion_Cliente,Emergencia,1,IT,23,0,ALTA,1,19.83
Financiero,Calmado,0,IT,41,0,BAJA,0,8.37
Administrativo,Calmado,0,RRHH,11,1,BAJA,0,1.26
Tecnico,Neutro,0,IT,22,0,BAJA,0,10.89
Tecnico,Neutro,1,IT,20,0,MEDIA,0,7.29
Atencion_Cliente,Calmado,1,RRHH,47,0,BAJA,0,7.46
Administrativo,Calmado,1,IT,32,0,BAJA,0,14.42
Financiero,Molesto,1,IT,42,1,MEDIA,0,10.61
Legal,Neutro,1,Operaciones,30,0,MEDIA,1,23.71
Financiero,Neutro,0,Ventas,42,1,BAJA,0,13.22
Atencion_Cliente,Calmado,0,Finanzas,24,0,BAJA,0,1.42
Legal,Molesto,0,Operaciones,20,0,MEDIA,0,7.72
Atencion_Cliente,Molesto,1,Legal,18,0,MEDIA,0,8.6
Administrativo,Molesto,0,Operaciones,15,1,BAJA,0,8.57
Administrativo,Molesto,1,Operaciones,38,1,MEDIA,0,7.18
Atencion_Cliente,Molesto,1,Legal,40,0,MEDIA,0,7.2
Atencion_Cliente,Emergencia,1,Finanzas,49,0,ALTA,1,25.18
Legal,Neutro,1,Legal,17,1,MEDIA,1,20.36
Legal,Neutro,1,Finanzas,31,0,MEDIA,1,28.91
Administrativo,Neutro,1,Legal,22,0,BAJA,0,9.5
Tecnico,Calmado,0,Legal,23,1,BAJA,0,7.62
Tecnico,Emergencia,0,Operaciones,20,0,ALTA,0,6.08
Atencion_Cliente,Calmado,1,Finanzas,7,0,BAJA,0,1.33
Administrativo,Emergencia,0,Ventas,48,0,MEDIA,0,14.51
Financiero,Molesto,1,RRHH,19,1,MEDIA,0,5.55
Tecnico,Neutro,1,Finanzas,45,0,MEDIA,0,15.77
Legal,Emergencia,1,Legal,13,1,ALTA,1,25.98
Tecnico,Emergencia,0,Operaciones,18,1,ALTA,0,3.8
Financiero,Emergencia,1,Finanzas,1,1,ALTA,0,6.12
Financiero,Neutro,1,Legal,7,1,BAJA,0,3.56
Atencion_Cliente,Neutro,1,Operaciones,45,1,BAJA,0,10.65
Tecnico,Molesto,0,Finanzas,35,1,MEDIA,0,12.11
Atencion_Cliente,Emergencia,1,Legal,8,0,ALTA,0,4.3
Legal,Neutro,1,Operaciones,16,1,MEDIA,1,17.77
Administrativo,Calmado,0,IT,49,1,BAJA,0,13.91
Atencion_Cliente,Molesto,0,Legal,46,0,BAJA,0,13.52
Administrativo,Calmado,1,IT,25,1,BAJA,0,2.31
Financiero,Calmado,1,RRHH,50,0,BAJA,0,13.88
Tecnico,Calmado,0,Legal,26,0,BAJA,0,5.73
Legal,Neutro,0,RRHH,8,0,BAJA,0,4.82
Legal,Emergencia,0,Operaciones,49,0,ALTA,1,30.01
Administrativo,Calmado,0,Finanzas,10,0,BAJA,0,8.26
Atencion_Cliente,Neutro,0,Ventas,36,0,BAJA,0,13.36
Financiero,Neutro,1,Finanzas,25,0,BAJA,0,4.62
Legal,Molesto,1,Operaciones,1,0,MEDIA,0,2.76
Administrativo,Molesto,1,RRHH,16,1,MEDIA,0,9.09
Financiero,Emergencia,1,Finanzas,14,1,ALTA,0,4.8
Tecnico,Molesto,0,IT,39,1,MEDIA,0,6.29
Administrativo,Calmado,0,Operaciones,23,1,BAJA,0,5.34
Atencion_Cliente,Calmado,1,Legal,7,1,BAJA,0,1.34
Legal,Neutro,0,Ventas,8,1,BAJA,0,6.8
Legal,Neutro,0,IT,2,1,BAJA,0,3.89
Financiero,Neutro,1,Operaciones,24,0,BAJA,0,9.6
Atencion_Cliente,Calmado,1,Ventas,31,1,BAJA,0,7.02
Tecnico,Emergencia,0,Finanzas,29,1,ALTA,1,21.51
Tecnico,Molesto,1,Operaciones,28,1,MEDIA,0,10.68
Financiero,Emergencia,1,Finanzas,21,0,ALTA,1,17.85
Atencion_Cliente,Calmado,1,Ventas,22,1,BAJA,0,9.92
Administrativo,Calmado,0,Ventas,30,0,BAJA,0,8.47
Administrativo,Calmado,1,Legal,18,1,BAJA,0,1.47
Administrativo,Emergencia,0,Finanzas,18,0,MEDIA,0,5.02
Atencion_Cliente,Calmado,1,Operaciones,31,0,BAJA,0,12.74
Financiero,Neutro,1,IT,29,1,BAJA,0,8.1
Atencion_Cliente,Calmado,1,Ventas,3,1,BAJA,0,7.33
Financiero,Emergencia,0,Operaciones,6,0,MEDIA,0,3.06
Tecnico,Calmado,1,Legal,44,0,MEDIA,0,6.16
Financiero,Molesto,1,Ventas,2,0,MEDIA,0,9.45
Atencion_Cliente,Molesto,1,Legal,23,1,MEDIA,0,1.81
Administrativo,Emergencia,1,Ventas,10,0,ALTA,0,9.63
Tecnico,Molesto,0,Ventas,26,1,MEDIA,0,10.51
Atencion_Cliente,Molesto,0,IT,32,0,BAJA,0,6.55
Legal,Emergencia,1,Ventas,34,0,ALTA,1,24.74
Administrativo,Neutro,0,Ventas,30,0,BAJA,0,2.96
Financiero,Emergencia,1,Finanzas,43,0,ALTA,1,28.0
Administrativo,Neutro,0,Finanzas,24,1,BAJA,0,4.91
Tecnico,Calmado,0,Operaciones,34,0,BAJA,0,6.67
Atencion_Cliente,Calmado,1,Finanzas,28,1,BAJA,0,7.07
Legal,Calmado,1,Ventas,10,0,MEDIA,0,1.6
Legal,Neutro,1,Ventas,23,0,MEDIA,1,23.68
Tecnico,Molesto,1,Ventas,42,1,MEDIA,0,11.4
Legal,Molesto,1,Finanzas,25,0,MEDIA,1,19.69
Legal,Emergencia,1,Ventas,40,1,ALTA,1,27.41
Administrativo,Molesto,1,Ventas,28,1,MEDIA,0,7.85
Atencion_Cliente,Molesto,1,Ventas,13,1,MEDIA,0,6.08
Atencion_Cliente,Neutro,1,Legal,21,1,BAJA,0,3.93
Atencion_Cliente,Neutro,1,Operaciones,44,0,BAJA,0,9.48
Administrativo,Molesto,1,Operaciones,22,0,MEDIA,0,9.13
Atencion_Cliente,Molesto,1,Finanzas,35,1,MEDIA,0,8.31
Financiero,Molesto,0,IT,25,1,BAJA,0,3.17
Administrativo,Neutro,0,Legal,20,0,BAJA,0,10.38
Financiero,Neutro,0,Legal,43,0,BAJA,0,7.82
Financiero,Calmado,0,RRHH,14,1,BAJA,0,6.81
Atencion_Cliente,Calmado,0,Legal,29,0,BAJA,0,5.09
Administrativo,Emergencia,1,IT,11,0,ALTA,0,7.14
Tecnico,Calmado,1,Operaciones,49,1,MEDIA,0,14.4
Legal,Emergencia,0,RRHH,35,0,ALTA,1,24.02
Administrativo,Molesto,0,Finanzas,42,0,BAJA,0,14.55
Legal,Molesto,1,IT,4,1,MEDIA,0,7.74
Atencion_Cliente,Calmado,1,Legal,1,1,BAJA,0,8.09
Atencion_Cliente,Emergencia,1,Legal,23,0,ALTA,1,18.64
Administrativo,Calmado,0,Finanzas,50,0,BAJA,0,11.18
Legal,Neutro,0,Operaciones,16,0,BAJA,0,1.73
Legal,Emergencia,1,Ventas,41,0,ALTA,1,29.5
Atencion_Cliente,Neutro,0,RRHH,26,0,BAJA,0,2.38
Financiero,Neutro,0,Legal,3,1,BAJA,0,1.61
Atencion_Cliente,Emergencia,1,Legal,21,1,ALTA,1,23.97
Tecnico,Emergencia,1,IT,5,1,ALTA,0,9.34
Tecnico,Molesto,0,Operaciones,21,0,MEDIA,0,10.46
Atencion_Cliente,Emergencia,1,RRHH,34,1,ALTA,1,25.52
Tecnico,Emergencia,1,Finanzas,31,1,ALTA,1,25.38
Atencion_Cliente,Neutro,1,IT,45,1,BAJA,0,6.37
Tecnico,Molesto,1,Operaciones,38,0,MEDIA,0,7.83
Atencion_Cliente,Calmado,0,RRHH,37,1,BAJA,0,15.26
Financiero,Neutro,0,RRHH,34,1,BAJA,0,6.29
Atencion_Cliente,Molesto,0,Legal,44,0,BAJA,0,10.27
Atencion_Cliente,Calmado,0,Ventas,29,0,BAJA,0,1.11
Atencion_Cliente,Neutro,1,Ventas,28,1,BAJA,0,8.09
Atencion_Cliente,Neutro,0,Finanzas,43,0,BAJA,0,9.6
Tecnico,Molesto,1,Ventas,43,1,MEDIA,0,6.33
Financiero,Calmado,1,Legal,42,1,BAJA,0,6.37
Atencion_Cliente,Calmado,0,Finanzas,18,0,BAJA,0,2.86
Financiero,Neutro,1,Finanzas,39,0,BAJA,0,9.32
Administrativo,Neutro,1,Finanzas,29,1,BAJA,0,4.19
Legal,Emergencia,0,IT,0,0,ALTA,0,3.76
Financiero,Calmado,1,Ventas,24,1,BAJA,0,10.36
Financiero,Calmado,1,Legal,5,1,BAJA,0,7.51
Legal,Molesto,0,RRHH,41,0,MEDIA,0,14.39
Atencion_Cliente,Molesto,0,Finanzas,20,0,BAJA,0,4.78
Financiero,Neutro,1,IT,27,1,BAJA,0,6.65
Tecnico,Molesto,0,IT,13,1,MEDIA,0,5.74
Financiero,Emergencia,0,Operaciones,16,1,ALTA,0,9.23
Financiero,Neutro,0,RRHH,23,1,BAJA,0,5.79
Tecnico,Calmado,0,IT,41,0,BAJA,0,9.91
Administrativo,Emergencia,0,Ventas,31,1,ALTA,1,30.07
Administrativo,Neutro,0,Legal,47,0,BAJA,0,11.23
Financiero,Calmado,1,Operaciones,8,1,BAJA,0,9.1
Administrativo,Calmado,0,Operaciones,29,0,BAJA,0,2.44
Tecnico,Calmado,1,Operaciones,9,0,MEDIA,0,8.32
Administrativo,Neutro,1,Legal,37,1,BAJA,0,14.79
Atencion_Cliente,Neutro,0,Legal,33,0,BAJA,0,8.11
Legal,Emergencia,1,IT,49,1,ALTA,1,30.44
Administrativo,Calmado,0,Legal,34,0,BAJA,0,8.65
Atencion_Cliente,Molesto,0,Ventas,31,0,BAJA,0,8.24
Financiero,Molesto,1,Finanzas,23,1,MEDIA,0,3.61
Tecnico,Emergencia,1,Ventas,5,1,ALTA,0,9.8
Legal,Calmado,1,RRHH,17,0,MEDIA,1,19.08
Atencion_Cliente,Molesto,1,RRHH,7,1,MEDIA,0,3.18
Legal,Molesto,1,RRHH,16,0,MEDIA,1,16.09
Legal,Neutro,1,Operaciones,46,0,MEDIA,1,30.56
Tecnico,Emergencia,1,Finanzas,27,0,ALTA,1,19.16
Atencion_Cliente,Neutro,0,IT,47,1,BAJA,0,15.39
Legal,Molesto,0,Ventas,18,1,MEDIA,0,3.96
Tecnico,Neutro,0,Finanzas,46,1,BAJA,0,11.96
Atencion_Cliente,Emergencia,0,IT,33,0,MEDIA,0,10.19
Legal,Calmado,1,Ventas,18,1,MEDIA,1,25.13
Administrativo,Molesto,1,IT,41,1,MEDIA,0,6.24
Financiero,Neutro,0,IT,8,0,BAJA,0,8.18
Legal,Calmado,1,Ventas,29,0,MEDIA,1,23.88
Financiero,Molesto,0,Legal,2,0,BAJA,0,6.69
Tecnico,Neutro,1,Operaciones,50,1,MEDIA,0,13.82
Tecnico,Calmado,0,Operaciones,22,1,BAJA,0,4.91
Administrativo,Molesto,0,Ventas,9,0,BAJA,0,2.02
Financiero,Emergencia,0,Finanzas,10,1,ALTA,0,3.73
Financiero,Calmado,1,IT,21,0,BAJA,0,10.39
Legal,Calmado,1,Ventas,31,0,MEDIA,1,23.98
Atencion_Cliente,Emergencia,0,Finanzas,44,1,ALTA,1,22.17
Legal,Molesto,1,Operaciones,19,0,MEDIA,1,18.86
Administrativo,Molesto,1,IT,12,1,MEDIA,0,8.89
Financiero,Emergencia,0,Ventas,44,1,ALTA,1,23.56
Administrativo,Molesto,0,Ventas,16,1,BAJA,0,1.59
Financiero,Molesto,1,Legal,36,1,MEDIA,0,9.88
Legal,Emergencia,1,Ventas,0,1,ALTA,0,7.67
Tecnico,Neutro,1,Finanzas,30,0,MEDIA,0,1.42
Legal,Calmado,1,IT,7,1,MEDIA,0,1.83
Legal,Molesto,1,Operaciones,8,1,MEDIA,0,8.5
Atencion_Cliente,Emergencia,1,RRHH,49,0,ALTA,1,26.25
Financiero,Emergencia,0,Operaciones,49,0,MEDIA,0,10.21
Atencion_Cliente,Neutro,1,Finanzas,3,1,BAJA,0,1.58
Atencion_Cliente,Emergencia,0,Operaciones,21,0,MEDIA,0,8.54
Administrativo,Emergencia,1,Finanzas,42,1,ALTA,1,23.39
Financiero,Emergencia,1,Operaciones,50,0,ALTA,1,23.56
Legal,Calmado,0,IT,34,0,BAJA,0,13.54
Financiero,Calmado,1,RRHH,30,0,BAJA,0,5.18
Legal,Calmado,1,RRHH,33,1,MEDIA,1,30.34
Financiero,Molesto,1,IT,43,0,MEDIA,0,14.76
Financiero,Calmado,0,RRHH,7,1,BAJA,0,7.18
Legal,Calmado,0,Finanzas,41,1,BAJA,0,15.04
Atencion_Cliente,Calmado,0,Ventas,6,0,BAJA,0,3.1
Tecnico,Emergencia,1,Operaciones,42,0,ALTA,1,29.57
Atencion_Cliente,Molesto,1,IT,24,1,MEDIA,0,8.0
Tecnico,Calmado,0,RRHH,28,1,BAJA,0,9.96
Legal,Emergencia,1,RRHH,19,1,ALTA,1,20.45
Financiero,Neutro,0,IT,43,1,BAJA,0,12.54
Financiero,Emergencia,0,IT,26,0,MEDIA,0,9.48
Legal,Neutro,0,Legal,1,1,BAJA,0,7.46
Legal,Emergencia,0,Finanzas,3,1,ALTA,0,3.12
Administrativo,Neutro,0,Operaciones,50,0,BAJA,0,12.21
Tecnico,Neutro,1,RRHH,12,1,MEDIA,0,10.42
Legal,Calmado,1,Ventas,18,1,MEDIA,1,19.25
Tecnico,Calmado,1,Legal,7,0,MEDIA,0,6.91
Financiero,Emergencia,0,RRHH,44,0,MEDIA,0,14.98
Atencion_Cliente,Molesto,1,Operaciones,11,0,MEDIA,0,8.1
Financiero,Emergencia,0,Legal,4,1,ALTA,0,10.95
Legal,Neutro,0,RRHH,22,1,BAJA,0,10.78
Atencion_Cliente,Emergencia,0,RRHH,45,1,ALTA,1,24.67
Legal,Molesto,0,IT,12,0,MEDIA,0,4.84
Administrativo,Molesto,0,Legal,41,1,BAJA,0,15.19
Administrativo,Calmado,0,Operaciones,32,0,BAJA,0,10.14
Tecnico,Neutro,1,Operaciones,29,0,MEDIA,0,10.61
Legal,Emergencia,1,IT,14,1,ALTA,1,17.03
Tecnico,Neutro,1,Legal,47,1,MEDIA,0,6.91
Legal,Molesto,1,Operaciones,21,1,MEDIA,1,25.15
Financiero,Molesto,0,Ventas,29,0,BAJA,0,6.96
Administrativo,Emergencia,1,Finanzas,27,1,ALTA,1,19.77
Atencion_Cliente,Neutro,0,RRHH,22,0,BAJA,0,7.43
Atencion_Cliente,Calmado,0,Operaciones,14,1,BAJA,0,10.06
Financiero,Calmado,0,IT,7,0,BAJA,0,9.27
Atencion_Cliente,Molesto,1,Legal,42,0,MEDIA,0,7.99
Administrativo,Emergencia,1,Operaciones,34,0,ALTA,1,26.65
Administrativo,Neutro,1,Ventas,45,1,BAJA,0,12.55
Tecnico,Calmado,1,Ventas,7,1,MEDIA,0,2.41
Atencion_Cliente,Molesto,1,Ventas,35,1,MEDIA,0,15.21
Tecnico,Molesto,1,Finanzas,37,1,MEDIA,0,12.03
Financiero,Emergencia,1,Finanzas,15,1,ALTA,0,3.98
Financiero,Calmado,0,Operaciones,44,0,BAJA,0,12.65
Atencion_Cliente,Emergencia,1,RRHH,31,0,ALTA,1,23.06
Financiero,Emergencia,1,Ventas,0,1,ALTA,0,3.07
Atencion_Cliente,Molesto,0,RRHH,43,1,BAJA,0,12.15
Administrativo,Emergencia,0,Ventas,7,0,MEDIA,0,7.21
Legal,Emergencia,0,Finanzas,17,1,ALTA,0,5.67
Legal,Calmado,1,Ventas,45,0,MEDIA,1,22.49
Atencion_Cliente,Neutro,1,RRHH,40,0,BAJA,0,7.08
Legal,Molesto,0,Legal,27,1,MEDIA,0,5.3
Legal,Emergencia,1,Operaciones,50,0,ALTA,1,28.66
Atencion_Cliente,Calmado,1,Legal,24,1,BAJA,0,2.99
Administrativo,Calmado,1,Finanzas,50,0,BAJA,0,7.84
Tecnico,Molesto,0,Ventas,29,0,MEDIA,0,6.24
Legal,Calmado,1,RRHH,34,0,MEDIA,1,30.71
Administrativo,Neutro,1,Legal,46,1,BAJA,0,6.7
Administrativo,Emergencia,1,IT,20,0,ALTA,0,8.36
Atencion_Cliente,Calmado,0,Finanzas,13,0,BAJA,0,10.7
Legal,Neutro,0,Finanzas,48,1,BAJA,0,7.02
Tecnico,Calmado,0,IT,50,0,BAJA,0,15.43
Financiero,Molesto,0,Ventas,30,1,BAJA,0,10.81
Legal,Calmado,0,RRHH,7,0,BAJA,0,5.02
Atencion_Cliente,Molesto,1,IT,48,1,MEDIA,0,6.77
Tecnico,Neutro,0,Ventas,23,1,BAJA,0,3.46
Legal,Calmado,0,IT,39,1,BAJA,0,14.27
Legal,Molesto,1,Ventas,7,0,MEDIA,0,2.2
Atencion_Cliente,Neutro,0,RRHH,38,1,BAJA,0,14.57
Atencion_Cliente,Calmado,1,Operaciones,18,0,BAJA,0,2.06
Atencion_Cliente,Neutro,1,IT,47,0,BAJA,0,8.63
Tecnico,Calmado,1,Operaciones,19,1,MEDIA,0,2.24
Tecnico,Molesto,1,Ventas,4,1,MEDIA,0,2.15
Atencion_Cliente,Neutro,0,Ventas,5,0,BAJA,0,8.34
Financiero,Neutro,0,Legal,19,1,BAJA,0,2.42
Financiero,Calmado,1,Legal,30,1,BAJA,0,1.22
Tecnico,Molesto,1,Operaciones,6,0,MEDIA,0,6.42
Legal,Molesto,1,Finanzas,30,0,MEDIA,1,25.57
Legal,Neutro,0,IT,32,1,BAJA,0,15.72
Atencion_Cliente,Emergencia,1,RRHH,15,0,ALTA,0,11.0
Legal,Neutro,1,Legal,11,1,MEDIA,1,19.41
Financiero,Emergencia,0,RRHH,36,1,ALTA,1,30.67
Atencion_Cliente,Neutro,0,Operaciones,17,1,BAJA,0,2.34
Financiero,Molesto,0,Ventas,0,0,BAJA,0,7.6
Legal,Calmado,0,IT,46,1,BAJA,0,10.22
Atencion_Cliente,Emergencia,1,Operaciones,40,1,ALTA,1,26.11
Atencion_Cliente,Emergencia,0,IT,3,1,ALTA,0,8.83
Administrativo,Neutro,1,Finanzas,47,0,BAJA,0,9.1
Legal,Molesto,0,Ventas,32,0,MEDIA,0,8.23
Tecnico,Molesto,1,IT,43,0,MEDIA,0,14.56
Legal,Molesto,1,Legal,12,0,MEDIA,1,16.26
Administrativo,Calmado,0,Legal,0,0,BAJA,0,6.74
Legal,Molesto,1,IT,20,1,MEDIA,1,18.89
Atencion_Cliente,Neutro,0,IT,31,1,BAJA,0,13.05
Financiero,Calmado,0,Operaciones,39,0,BAJA,0,7.27
Tecnico,Calmado,0,Ventas,34,0,BAJA,0,10.49
Financiero,Emergencia,1,IT,0,1,ALTA,0,5.84
Atencion_Cliente,Emergencia,0,IT,5,1,ALTA,0,5.89
Legal,Neutro,0,IT,2,1,BAJA,0,8.46
Administrativo,Neutro,0,IT,40,0,BAJA,0,9.38
Tecnico,Molesto,1,Operaciones,41,1,MEDIA,0,11.37
Financiero,Molesto,1,RRHH,47,1,MEDIA,0,12.51
Atencion_Cliente,Molesto,1,Operaciones,26,0,MEDIA,0,6.24
Tecnico,Molesto,0,Finanzas,20,0,MEDIA,0,5.08
Administrativo,Molesto,1,IT,0,1,MEDIA,0,3.19
Tecnico,Emergencia,0,RRHH,47,0,ALTA,1,29.05
Tecnico,Calmado,1,Finanzas,38,0,MEDIA,0,11.92
Tecnico,Emergencia,0,Legal,18,0,ALTA,0,10.28
Tecnico,Neutro,0,RRHH,48,1,BAJA,0,6.61
Atencion_Cliente,Emergencia,0,IT,46,1,ALTA,1,27.26
Atencion_Cliente,Calmado,1,Finanzas,37,0,BAJA,0,10.31
Tecnico,Molesto,1,Legal,2,1,MEDIA,0,1.84
Tecnico,Emergencia,0,IT,16,0,ALTA,0,6.49
Legal,Neutro,1,Operaciones,50,0,MEDIA,1,27.93
Financiero,Neutro,0,RRHH,36,1,BAJA,0,14.72
Financiero,Neutro,1,Ventas,0,0,BAJA,0,1.99
Tecnico,Calmado,1,IT,40,0,MEDIA,0,6.52
Atencion_Cliente,Neutro,0,IT,32,0,BAJA,0,15.4
Tecnico,Calmado,0,Finanzas,44,1,BAJA,0,13.61
Administrativo,Neutro,0,Finanzas,4,0,BAJA,0,5.99
Legal,Molesto,0,IT,43,0,MEDIA,0,9.16
Atencion_Cliente,Calmado,1,RRHH,23,0,BAJA,0,9.31
Atencion_Cliente,Molesto,1,IT,15,0,MEDIA,0,5.1
Tecnico,Molesto,1,Legal,5,1,MEDIA,0,9.58
Financiero,Molesto,1,RRHH,48,0,MEDIA,0,13.82
Atencion_Cliente,Molesto,0,RRHH,6,0,BAJA,0,10.41
Atencion_Cliente,Neutro,1,RRHH,15,1,BAJA,0,1.39
Tecnico,Emergencia,0,RRHH,45,0,ALTA,1,24.02
Tecnico,Molesto,0,Operaciones,4,0,MEDIA,0,7.0
Financiero,Emergencia,1,RRHH,44,0,ALTA,1,30.38
Atencion_Cliente,Molesto,0,Ventas,13,0,BAJA,0,10.99
Atencion_Cliente,Emergencia,1,Ventas,9,0,ALTA,0,7.88
Financiero,Calmado,1,RRHH,42,0,BAJA,0,6.51
Tecnico,Emergencia,1,Ventas,16,1,ALTA,0,6.72
Tecnico,Neutro,0,Ventas,15,0,BAJA,0,2.67
Administrativo,Molesto,1,Legal,23,0,MEDIA,0,2.02
Financiero,Molesto,1,RRHH,10,1,MEDIA,0,9.76
Legal,Calmado,1,Operaciones,45,0,MEDIA,1,29.06
Administrativo,Emergencia,0,RRHH,44,1,ALTA,1,21.66
Atencion_Cliente,Molesto,0,Ventas,36,1,BAJA,0,11.64
Financiero,Calmado,1,Ventas,43,0,BAJA,0,12.34
Tecnico,Emergencia,1,IT,26,0,ALTA,1,16.3
Financiero,Emergencia,1,Finanzas,20,1,ALTA,0,8.54
Tecnico,Calmado,1,Ventas,14,0,MEDIA,0,6.92
Atencion_Cliente,Molesto,1,Legal,21,0,MEDIA,0,7.72
Administrativo,Neutro,1,Ventas,5,0,BAJA,0,6.66
Atencion_Cliente,Neutro,1,RRHH,0,1,BAJA,0,5.76
Atencion_Cliente,Calmado,1,Operaciones,9,1,BAJA,0,1.0
Atencion_Cliente,Calmado,1,IT,15,1,BAJA,0,3.07
Atencion_Cliente,Calmado,0,IT,45,1,BAJA,0,8.38
Financiero,Molesto,1,Operaciones,15,1,MEDIA,0,11.0
Tecnico,Molesto,1,Operaciones,49,0,MEDIA,0,7.49
Legal,Emergencia,0,RRHH,23,1,ALTA,1,23.49
Legal,Molesto,0,Finanzas,0,0,MEDIA,0,9.6
Atencion_Cliente,Molesto,1,RRHH,8,0,MEDIA,0,2.01
Atencion_Cliente,Molesto,1,IT,4,1,MEDIA,0,4.11
Atencion_Cliente,Calmado,0,IT,16,1,BAJA,0,10.77
Financiero,Emergencia,0,Operaciones,18,1,ALTA,0,9.42
Tecnico,Molesto,1,Operaciones,28,1,MEDIA,0,3.88
Tecnico,Neutro,1,Finanzas,26,1,MEDIA,0,2.48
Administrativo,Neutro,0,IT,16,0,BAJA,0,7.75
Atencion_Cliente,Molesto,1,Ventas,35,0,MEDIA,0,14.26
Atencion_Cliente,Emergencia,0,RRHH,6,0,MEDIA,0,10.94
Administrativo,Neutro,1,IT,50,1,BAJA,0,8.17
Administrativo,Molesto,0,Legal,14,0,BAJA,0,5.9
Legal,Calmado,0,Legal,48,0,BAJA,0,13.3
Financiero,Neutro,1,Ventas,7,0,BAJA,0,2.06
Tecnico,Emergencia,1,IT,27,0,ALTA,1,18.14
Atencion_Cliente,Calmado,0,Legal,0,0,BAJA,0,6.47
Legal,Neutro,0,Finanzas,48,0,BAJA,0,12.85
Legal,Calmado,1,RRHH,28,0,MEDIA,1,18.85
Atencion_Cliente,Molesto,0,Finanzas,21,0,BAJA,0,4.02
Tecnico,Neutro,0,Finanzas,26,1,BAJA,0,2.08
Legal,Molesto,0,Operaciones,10,1,MEDIA,0,3.33
Atencion_Cliente,Neutro,0,Ventas,24,1,BAJA,0,9.48
Financiero,Emergencia,1,Legal,14,1,ALTA,0,1.13
Financiero,Neutro,0,Operaciones,38,0,BAJA,0,14.12
Financiero,Emergencia,1,Legal,19,0,ALTA,0,5.37
Atencion_Cliente,Neutro,0,Operaciones,9,1,BAJA,0,10.73
Atencion_Cliente,Neutro,0,Ventas,20,0,BAJA,0,1.25
Atencion_Cliente,Molesto,0,RRHH,40,0,BAJA,0,11.96
Financiero,Emergencia,0,IT,36,1,ALTA,1,24.16
Financiero,Calmado,0,Ventas,4,1,BAJA,0,1.21
Administrativo,Molesto,1,Operaciones,25,1,MEDIA,0,10.87
Financiero,Emergencia,0,RRHH,44,1,ALTA,1,30.49
Tecnico,Neutro,0,RRHH,29,1,BAJA,0,5.02
Atencion_Cliente,Emergencia,1,Operaciones,48,1,ALTA,1,22.43
Atencion_Cliente,Calmado,1,Legal,12,0,BAJA,0,10.45
Financiero,Emergencia,0,RRHH,3,0,MEDIA,0,1.91
Legal,Emergencia,1,Operaciones,23,0,ALTA,1,21.25
Financiero,Emergencia,0,RRHH,29,0,MEDIA,0,6.57
Atencion_Cliente,Calmado,1,Finanzas,20,0,BAJA,0,7.58
Financiero,Calmado,1,Operaciones,12,1,BAJA,0,5.49
Financiero,Neutro,0,Finanzas,22,1,BAJA,0,1.81
Atencion_Cliente,Calmado,1,Legal,45,1,BAJA,0,6.74
Legal,Calmado,0,Finanzas,36,1,BAJA,0,7.17
Financiero,Emergencia,0,IT,25,1,ALTA,1,24.13
Atencion_Cliente,Emergencia,1,Legal,39,0,ALTA,1,30.63
Administrativo,Neutro,1,Legal,36,1,BAJA,0,10.81
Atencion_Cliente,Calmado,0,IT,18,1,BAJA,0,9.82
Legal,Emergencia,0,IT,37,1,ALTA,1,28.23
Financiero,Calmado,0,RRHH,37,1,BAJA,0,9.29
Tecnico,Neutro,1,Legal,33,1,MEDIA,0,15.29
Legal,Molesto,1,Ventas,1,0,MEDIA,0,3.49
Financiero,Neutro,0,Legal,44,1,BAJA,0,6.62
Administrativo,Molesto,1,Operaciones,39,0,MEDIA,0,6.91
Atencion_Cliente,Neutro,0,RRHH,30,0,BAJA,0,1.18
Legal,Molesto,0,RRHH,35,1,MEDIA,0,7.26
Tecnico,Calmado,1,IT,8,0,MEDIA,0,1.29
Atencion_Cliente,Emergencia,1,Ventas,29,0,ALTA,1,23.09
Tecnico,Calmado,1,RRHH,21,0,MEDIA,0,7.27
Atencion_Cliente,Calmado,0,Legal,3,0,BAJA,0,10.23
Legal,Molesto,1,Operaciones,4,0,MEDIA,0,1.79
Administrativo,Neutro,0,RRHH,47,1,BAJA,0,12.56
Legal,Molesto,0,Legal,35,1,MEDIA,0,10.16
Financiero,Neutro,1,Operaciones,16,0,BAJA,0,9.56
Legal,Molesto,0,RRHH,18,1,MEDIA,0,10.33
Administrativo,Neutro,1,Ventas,49,0,BAJA,0,15.45
Administrativo,Neutro,0,Ventas,2,1,BAJA,0,4.19
Tecnico,Neutro,0,Operaciones,36,0,BAJA,0,10.28
Legal,Neutro,0,Legal,41,1,BAJA,0,8.58
Administrativo,Emergencia,1,Legal,7,0,ALTA,0,6.37
Atencion_Cliente,Emergencia,1,RRHH,47,0,ALTA,1,30.86
Administrativo,Calmado,0,IT,24,0,BAJA,0,6.14
Tecnico,Molesto,0,Operaciones,28,1,MEDIA,0,7.58
Legal,Calmado,0,Ventas,10,1,BAJA,0,8.02
Legal,Emergencia,1,Ventas,48,1,ALTA,1,21.75
Tecnico,Molesto,0,Operaciones,8,0,MEDIA,0,3.2
Financiero,Calmado,1,IT,37,1,BAJA,0,14.22
Tecnico,Emergencia,0,Legal,37,1,ALTA,1,26.24
Administrativo,Neutro,0,Ventas,0,1,BAJA,0,6.87
Financiero,Molesto,0,RRHH,33,1,BAJA,0,14.34
Financiero,Molesto,1,Operaciones,45,1,MEDIA,0,15.77
Tecnico,Molesto,0,RRHH,31,0,MEDIA,0,9.64
Atencion_Cliente,Neutro,1,Ventas,45,1,BAJA,0,13.39
Legal,Calmado,0,RRHH,5,1,BAJA,0,9.0
Financiero,Neutro,0,Operaciones,22,0,BAJA,0,5.67
Legal,Calmado,1,Finanzas,5,0,MEDIA,0,10.01
Legal,Neutro,0,Ventas,14,1,BAJA,0,9.85
Financiero,Neutro,0,IT,0,1,BAJA,0,5.3
Atencion_Cliente,Emergencia,1,Finanzas,3,0,ALTA,0,1.94
Financiero,Emergencia,1,Ventas,29,1,ALTA,1,24.12
Tecnico,Neutro,1,Operaciones,13,1,MEDIA,0,1.08
Legal,Molesto,0,Operaciones,50,1,MEDIA,0,8.57
Atencion_Cliente,Calmado,0,RRHH,50,1,BAJA,0,12.06
Legal,Neutro,1,Legal,35,1,MEDIA,1,28.12
Atencion_Cliente,Calmado,0,Legal,26,1,BAJA,0,4.03
Legal,Calmado,0,Ventas,18,1,BAJA,0,4.09
Administrativo,Molesto,0,Operaciones,5,0,BAJA,0,9.02
Administrativo,Neutro,1,IT,20,1,BAJA,0,3.96
Tecnico,Calmado,0,Ventas,35,0,BAJA,0,9.24
Legal,Calmado,1,IT,32,0,MEDIA,1,23.61
Administrativo,Neutro,1,Operaciones,7,0,BAJA,0,5.99
Atencion_Cliente,Emergencia,1,Finanzas,14,1,ALTA,0,3.31
Legal,Molesto,1,Ventas,21,0,MEDIA,1,21.63
Financiero,Calmado,1,Operaciones,9,1,BAJA,0,4.41
Atencion_Cliente,Emergencia,1,Finanzas,26,1,ALTA,1,21.65
Financiero,Emergencia,1,RRHH,12,1,ALTA,0,6.86
Atencion_Cliente,Emergencia,0,Legal,29,1,ALTA,1,19.48
Atencion_Cliente,Neutro,1,Finanzas,0,0,BAJA,0,9.97
Atencion_Cliente,Molesto,1,Legal,6,0,MEDIA,0,7.76
Administrativo,Molesto,1,Operaciones,1,0,MEDIA,0,10.35
Legal,Emergencia,0,Finanzas,16,1,ALTA,0,8.98
Atencion_Cliente,Molesto,0,Finanzas,48,0,BAJA,0,9.94
Administrativo,Molesto,1,Finanzas,47,1,MEDIA,0,11.73
Financiero,Neutro,0,Ventas,49,0,BAJA,0,10.77
Atencion_Cliente,Emergencia,0,Operaciones,5,0,MEDIA,0,6.12
Legal,Calmado,1,Legal,27,1,MEDIA,1,18.45
Tecnico,Emergencia,1,Finanzas,36,0,ALTA,1,30.82
Tecnico,Emergencia,1,Finanzas,18,0,ALTA,0,3.97
Atencion_Cliente,Calmado,0,Legal,27,1,BAJA,0,2.28
Tecnico,Neutro,1,Legal,28,0,MEDIA,0,8.88
Atencion_Cliente,Emergencia,1,Legal,9,1,ALTA,0,10.43
Administrativo,Neutro,0,Legal,7,0,BAJA,0,7.82
Administrativo,Calmado,1,Finanzas,37,1,BAJA,0,6.17
Financiero,Calmado,1,Ventas,14,1,BAJA,0,4.51
Administrativo,Emergencia,1,Finanzas,3,0,ALTA,0,4.02
Atencion_Cliente,Neutro,1,Finanzas,14,0,BAJA,0,8.3
Atencion_Cliente,Molesto,0,Legal,27,0,BAJA,0,6.34
Financiero,Molesto,1,IT,28,1,MEDIA,0,1.49
Financiero,Calmado,1,Finanzas,11,1,BAJA,0,9.4
Financiero,Molesto,1,Finanzas,5,0,MEDIA,0,8.33
Tecnico,Molesto,1,Finanzas,50,1,MEDIA,0,7.09
Legal,Molesto,0,Finanzas,35,0,MEDIA,0,10.05
Tecnico,Emergencia,0,IT,36,0,ALTA,1,25.67
Financiero,Neutro,1,Ventas,25,0,BAJA,0,6.72
Atencion_Cliente,Neutro,1,IT,45,0,BAJA,0,7.33
Atencion_Cliente,Calmado,1,Legal,45,1,BAJA,0,9.59
Atencion_Cliente,Calmado,0,Operaciones,22,1,BAJA,0,2.05
Atencion_Cliente,Emergencia,1,RRHH,10,0,ALTA,0,6.84
Administrativo,Calmado,0,Operaciones,50,0,BAJA,0,13.78
Atencion_Cliente,Calmado,0,Operaciones,5,1,BAJA,0,3.03
Tecnico,Neutro,1,Legal,42,1,MEDIA,0,15.18
Financiero,Emergencia,1,Legal,31,1,ALTA,1,29.26
Tecnico,Neutro,1,Legal,44,0,MEDIA,0,7.77
Financiero,Neutro,0,Operaciones,3,0,BAJA,0,9.44
Financiero,Molesto,0,Operaciones,48,0,BAJA,0,14.42
Legal,Molesto,0,IT,6,0,MEDIA,0,10.16
Legal,Emergencia,1,RRHH,40,1,ALTA,1,28.98
Legal,Molesto,1,Ventas,29,1,MEDIA,1,24.07
Tecnico,Neutro,1,RRHH,16,0,MEDIA,0,10.86
Administrativo,Calmado,0,Legal,14,1,BAJA,0,2.24
Tecnico,Calmado,0,RRHH,31,1,BAJA,0,7.92
Tecnico,Molesto,1,RRHH,49,0,MEDIA,0,8.05
Administrativo,Emergencia,0,Operaciones,33,0,MEDIA,0,14.09
Administrativo,Molesto,1,Operaciones,15,1,MEDIA,0,2.69
Atencion_Cliente,Calmado,1,Operaciones,18,0,BAJA,0,5.96
Administrativo,Neutro,0,Legal,5,0,BAJA,0,7.38
Tecnico,Emergencia,0,Operaciones,50,1,ALTA,1,24.1
Tecnico,Emergencia,0,Legal,46,0,ALTA,1,29.58
Legal,Neutro,1,Operaciones,48,0,MEDIA,1,24.04
Atencion_Cliente,Calmado,1,RRHH,31,1,BAJA,0,13.45
Tecnico,Molesto,1,Finanzas,19,1,MEDIA,0,4.33
Financiero,Molesto,1,Ventas,46,0,MEDIA,0,6.41
Tecnico,Neutro,1,Legal,32,0,MEDIA,0,13.87
Legal,Emergencia,1,IT,21,1,ALTA,1,23.9
Administrativo,Molesto,1,Operaciones,3,0,MEDIA,0,4.61
Financiero,Calmado,0,Finanzas,3,0,BAJA,0,1.08
Legal,Molesto,0,Operaciones,20,1,MEDIA,0,3.25
Legal,Emergencia,0,RRHH,25,0,ALTA,1,19.43
Administrativo,Neutro,1,IT,43,0,BAJA,0,8.86
Administrativo,Calmado,1,RRHH,5,0,BAJA,0,10.55
Administrativo,Emergencia,0,Finanzas,31,0,MEDIA,0,11.02
Administrativo,Molesto,1,RRHH,16,1,MEDIA,0,10.63
Administrativo,Emergencia,0,RRHH,1,1,ALTA,0,6.93
Tecnico,Molesto,1,IT,25,1,MEDIA,0,9.18
Tecnico,Molesto,0,Ventas,47,0,MEDIA,0,10.64
Administrativo,Molesto,1,Operaciones,22,1,MEDIA,0,5.46
Atencion_Cliente,Molesto,0,Operaciones,49,1,BAJA,0,9.02
Administrativo,Calmado,0,RRHH,3,0,BAJA,0,5.83
Atencion_Cliente,Molesto,0,Legal,22,0,BAJA,0,4.41
Financiero,Molesto,1,Operaciones,8,1,MEDIA,0,3.62
Administrativo,Molesto,0,Ventas,30,1,BAJA,0,1.32
Tecnico,Calmado,1,Legal,12,1,MEDIA,0,6.55
Administrativo,Emergencia,1,Operaciones,20,0,ALTA,0,5.1
Atencion_Cliente,Neutro,0,IT,42,1,BAJA,0,12.19
Tecnico,Emergencia,0,Finanzas,48,0,ALTA,1,29.13
Tecnico,Neutro,0,Ventas,33,0,BAJA,0,6.49
Financiero,Calmado,1,Finanzas,2,0,BAJA,0,10.31
Financiero,Emergencia,0,IT,12,1,ALTA,0,4.1
Administrativo,Emergencia,0,Ventas,2,1,ALTA,0,1.33
Atencion_Cliente,Emergencia,0,Finanzas,26,1,ALTA,1,21.81
Legal,Calmado,0,RRHH,29,0,BAJA,0,7.46
Tecnico,Molesto,0,Ventas,14,0,MEDIA,0,4.29
Financiero,Emergencia,1,Finanzas,23,0,ALTA,1,24.4
Tecnico,Emergencia,1,Ventas,29,1,ALTA,1,20.81
Legal,Calmado,0,IT,17,1,BAJA,0,10.18
Administrativo,Emergencia,0,RRHH,2,0,MEDIA,0,9.8
Legal,Neutro,0,Legal,15,0,BAJA,0,2.46
Tecnico,Neutro,1,IT,49,1,MEDIA,0,11.48
Administrativo,Emergencia,1,RRHH,29,0,ALTA,1,24.2
Tecnico,Calmado,0,Ventas,26,1,BAJA,0,10.77
Atencion_Cliente,Emergencia,0,Finanzas,5,1,ALTA,0,6.89
Administrativo,Emergencia,1,Legal,28,0,ALTA,1,25.57
Atencion_Cliente,Emergencia,1,RRHH,50,0,ALTA,1,26.2
Atencion_Cliente,Neutro,0,RRHH,50,1,BAJA,0,13.62
Atencion_Cliente,Calmado,1,Operaciones,1,0,BAJA,0,4.58
Financiero,Calmado,0,Operaciones,22,1,BAJA,0,1.59
Administrativo,Neutro,1,Legal,38,0,BAJA,0,7.97
Tecnico,Molesto,1,Finanzas,43,1,MEDIA,0,13.48
Tecnico,Neutro,1,Operaciones,18,0,MEDIA,0,7.08
Atencion_Cliente,Neutro,0,Ventas,7,1,BAJA,0,1.23
Legal,Calmado,1,Legal,15,1,MEDIA,1,23.55
Tecnico,Molesto,1,Operaciones,48,0,MEDIA,0,14.54
Administrativo,Calmado,1,Finanzas,19,1,BAJA,0,1.94
Tecnico,Molesto,0,Finanzas,2,1,MEDIA,0,5.84
Legal,Emergencia,1,IT,23,1,ALTA,1,23.4
Financiero,Molesto,0,Finanzas,31,1,BAJA,0,15.6
Administrativo,Neutro,0,RRHH,23,1,BAJA,0,2.41
Financiero,Calmado,1,Finanzas,48,0,BAJA,0,7.22
Atencion_Cliente,Molesto,0,Finanzas,26,0,BAJA,0,9.16
Financiero,Neutro,1,IT,8,0,BAJA,0,9.61
Administrativo,Calmado,1,Operaciones,18,0,BAJA,0,10.96
Legal,Molesto,1,RRHH,17,0,MEDIA,1,23.92
Tecnico,Neutro,1,Ventas,13,1,MEDIA,0,6.67
Atencion_Cliente,Calmado,0,Ventas,13,0,BAJA,0,1.27
Administrativo,Emergencia,1,Finanzas,40,0,ALTA,1,22.29
Financiero,Molesto,0,RRHH,23,0,BAJA,0,7.71
Financiero,Neutro,1,Ventas,37,1,BAJA,0,13.01
Financiero,Molesto,1,Operaciones,23,1,MEDIA,0,1.84
Legal,Neutro,1,RRHH,37,1,MEDIA,1,26.64
Atencion_Cliente,Emergencia,1,Ventas,5,1,ALTA,0,4.96
Financiero,Calmado,0,Finanzas,45,0,BAJA,0,13.45
Administrativo,Molesto,0,IT,48,0,BAJA,0,11.39
Legal,Calmado,1,Finanzas,43,0,MEDIA,1,24.19
Legal,Emergencia,0,Operaciones,22,0,ALTA,1,16.44
Financiero,Molesto,1,Finanzas,7,1,MEDIA,0,9.91
Legal,Calmado,0,Finanzas,15,0,BAJA,0,4.89
Financiero,Calmado,0,RRHH,27,0,BAJA,0,4.08
Administrativo,Emergencia,1,Legal,3,0,ALTA,0,3.84
Financiero,Neutro,1,Operaciones,41,0,BAJA,0,9.84
Tecnico,Emergencia,1,Finanzas,45,0,ALTA,1,22.46
Administrativo,Emergencia,1,Operaciones,21,1,ALTA,1,21.11
Legal,Emergencia,1,Legal,8,0,ALTA,0,6.17
Administrativo,Emergencia,0,Operaciones,3,1,ALTA,0,5.18
Legal,Calmado,0,Finanzas,5,0,BAJA,0,10.87
Tecnico,Molesto,0,Operaciones,19,0,MEDIA,0,7.64
Atencion_Cliente,Calmado,1,IT,47,1,BAJA,0,13.5
Tecnico,Neutro,1,IT,32,0,MEDIA,0,7.79
Tecnico,Molesto,0,Legal,2,0,MEDIA,0,3.05
Financiero,Calmado,0,Legal,7,1,BAJA,0,2.92
Legal,Neutro,0,Ventas,23,0,BAJA,0,6.62
Atencion_Cliente,Emergencia,0,Ventas,3,1,ALTA,0,4.25
Financiero,Neutro,1,Operaciones,13,1,BAJA,0,8.46
Administrativo,Neutro,1,Ventas,15,0,BAJA,0,6.24
Administrativo,Emergencia,1,RRHH,35,1,ALTA,1,28.2
Tecnico,Calmado,0,Legal,36,1,BAJA,0,15.59
Administrativo,Calmado,1,IT,4,0,BAJA,0,5.76
Legal,Molesto,1,Ventas,47,1,MEDIA,1,27.58
Atencion_Cliente,Neutro,1,RRHH,45,1,BAJA,0,14.82
Legal,Neutro,0,RRHH,44,0,BAJA,0,9.68
Atencion_Cliente,Molesto,1,Finanzas,20,0,MEDIA,0,8.91
Legal,Emergencia,1,RRHH,5,1,ALTA,0,7.35
Administrativo,Emergencia,1,Finanzas,47,1,ALTA,1,27.2
Financiero,Calmado,1,RRHH,33,1,BAJA,0,10.25
Legal,Neutro,0,Finanzas,7,1,BAJA,0,6.03
Financiero,Calmado,1,Finanzas,22,1,BAJA,0,2.7
Tecnico,Neutro,0,IT,10,0,BAJA,0,4.24
Atencion_Cliente,Calmado,0,Ventas,24,1,BAJA,0,2.29
Administrativo,Calmado,1,IT,17,0,BAJA,0,2.2
Legal,Molesto,0,Operaciones,21,0,MEDIA,0,4.15
Financiero,Neutro,1,Legal,1,1,BAJA,0,9.96
Financiero,Emergencia,0,IT,7,0,MEDIA,0,3.62
Legal,Emergencia,0,Operaciones,18,1,ALTA,0,3.48
Administrativo,Emergencia,0,Ventas,45,0,MEDIA,0,11.56
Administrativo,Emergencia,0,Legal,15,0,MEDIA,0,10.04
Administrativo,Neutro,0,RRHH,32,1,BAJA,0,14.0
Financiero,Neutro,1,Legal,45,0,BAJA,0,13.41
Financiero,Emergencia,0,Ventas,17,1,ALTA,0,5.09
Administrativo,Calmado,1,RRHH,34,1,BAJA,0,7.57
Tecnico,Neutro,1,IT,39,0,MEDIA,0,8.11
Administrativo,Emergencia,1,Legal,11,1,ALTA,0,1.79
Legal,Emergencia,1,Legal,25,1,ALTA,1,20.2
Tecnico,Molesto,0,Ventas,15,1,MEDIA,0,10.48
Administrativo,Molesto,1,Legal,27,1,MEDIA,0,9.49
Administrativo,Neutro,1,RRHH,22,1,BAJA,0,8.39
Financiero,Calmado,0,Finanzas,14,1,BAJA,0,5.93
Financiero,Calmado,0,RRHH,21,0,BAJA,0,1.39
Tecnico,Calmado,0,Legal,35,1,BAJA,0,11.99
Tecnico,Emergencia,1,Legal,30,1,ALTA,1,18.07
Administrativo,Molesto,0,Operaciones,9,1,BAJA,0,9.4
Administrativo,Neutro,1,Operaciones,37,0,BAJA,0,6.88
Legal,Molesto,1,Legal,3,1,MEDIA,0,7.76
Financiero,Calmado,1,Ventas,47,1,BAJA,0,12.73
Tecnico,Neutro,0,Finanzas,3,1,BAJA,0,3.88
Tecnico,Neutro,0,Ventas,26,0,BAJA,0,1.78
Legal,Neutro,0,Legal,18,1,BAJA,0,1.09
Administrativo,Neutro,1,Operaciones,0,1,BAJA,0,6.77
Tecnico,Neutro,0,RRHH,0,0,BAJA,0,6.7
Legal,Neutro,0,Ventas,0,0,BAJA,0,7.54
Administrativo,Emergencia,0,Ventas,39,0,MEDIA,0,12.29
Financiero,Molesto,0,Finanzas,14,0,BAJA,0,7.13
Administrativo,Emergencia,1,Finanzas,15,1,ALTA,0,10.52
Tecnico,Neutro,0,Finanzas,16,0,BAJA,0,7.65
Financiero,Neutro,1,IT,33,1,BAJA,0,9.13
Administrativo,Molesto,1,Legal,7,0,MEDIA,0,5.79
Tecnico,Neutro,0,Ventas,48,1,BAJA,0,15.53
Administrativo,Molesto,0,Operaciones,9,1,BAJA,0,10.14
Tecnico,Neutro,1,Ventas,25,1,MEDIA,0,10.66
Legal,Emergencia,0,Ventas,31,0,ALTA,1,26.01
Legal,Molesto,0,Legal,45,0,MEDIA,0,7.25
Tecnico,Neutro,0,Operaciones,12,1,BAJA,0,7.42
Administrativo,Neutro,0,IT,48,1,BAJA,0,6.17
Legal,Emergencia,0,RRHH,44,1,ALTA,1,27.7
Financiero,Molesto,1,RRHH,16,1,MEDIA,0,1.13
Financiero,Emergencia,1,Ventas,37,1,ALTA,1,25.39
Administrativo,Calmado,1,Operaciones,45,0,BAJA,0,11.86
Administrativo,Emergencia,0,IT,8,0,MEDIA,0,5.51
Financiero,Molesto,0,Finanzas,36,0,BAJA,0,7.41
Financiero,Emergencia,0,Operaciones,11,1,ALTA,0,6.52
Administrativo,Molesto,0,RRHH,31,1,BAJA,0,15.07
Tecnico,Neutro,1,Legal,29,0,MEDIA,0,7.91
Legal,Emergencia,0,RRHH,7,0,ALTA,0,10.27
Legal,Neutro,1,Legal,1,0,MEDIA,0,2.45
Atencion_Cliente,Calmado,0,Legal,7,0,BAJA,0,9.71
Legal,Neutro,0,RRHH,22,1,BAJA,0,3.13
Administrativo,Neutro,0,IT,16,0,BAJA,0,9.09
Administrativo,Emergencia,1,Ventas,31,1,ALTA,1,27.45
Financiero,Neutro,0,Ventas,38,1,BAJA,0,11.38
Atencion_Cliente,Calmado,1,Ventas,29,1,BAJA,0,4.81
Administrativo,Emergencia,1,RRHH,9,0,ALTA,0,7.54
Financiero,Molesto,0,IT,20,1,BAJA,0,1.91
Administrativo,Neutro,0,Finanzas,49,0,BAJA,0,6.03
Administrativo,Emergencia,0,RRHH,42,0,MEDIA,0,15.6
Legal,Emergencia,1,IT,14,1,ALTA,1,16.46
Legal,Molesto,0,RRHH,22,1,MEDIA,0,1.16
Tecnico,Calmado,1,Legal,19,1,MEDIA,0,6.65
Legal,Calmado,1,IT,28,0,MEDIA,1,19.79
Atencion_Cliente,Molesto,1,RRHH,35,1,MEDIA,0,10.8
Tecnico,Neutro,0,Operaciones,33,0,BAJA,0,12.78
Tecnico,Molesto,1,Ventas,8,1,MEDIA,0,1.58
Tecnico,Neutro,1,Legal,13,0,MEDIA,0,6.11
Legal,Emergencia,0,Finanzas,16,1,ALTA,0,4.41
Administrativo,Calmado,0,Finanzas,15,1,BAJA,0,5.16
Atencion_Cliente,Emergencia,0,IT,12,0,MEDIA,0,8.65
Legal,Calmado,1,IT,15,0,MEDIA,1,16.06
Legal,Calmado,1,Operaciones,49,1,MEDIA,1,29.39
Tecnico,Neutro,0,Finanzas,25,1,BAJA,0,4.05
Financiero,Calmado,0,Ventas,8,0,BAJA,0,6.68
Financiero,Neutro,0,Finanzas,46,1,BAJA,0,6.07
Atencion_Cliente,Calmado,1,Ventas,45,1,BAJA,0,15.39
Financiero,Calmado,1,Legal,21,1,BAJA,0,10.45
Atencion_Cliente,Molesto,1,RRHH,17,1,MEDIA,0,3.21
Atencion_Cliente,Calmado,0,Legal,10,1,BAJA,0,1.42
Tecnico,Neutro,1,Finanzas,12,0,MEDIA,0,3.11
Administrativo,Molesto,1,Operaciones,35,0,MEDIA,0,11.13
Legal,Calmado,0,Finanzas,6,0,BAJA,0,10.9
Financiero,Calmado,0,RRHH,44,1,BAJA,0,7.55
Administrativo,Neutro,1,Legal,11,1,BAJA,0,10.64
Tecnico,Molesto,1,IT,35,0,MEDIA,0,12.77
Legal,Neutro,0,Legal,50,1,BAJA,0,15.41
Legal,Calmado,0,Legal,21,1,BAJA,0,10.17
Atencion_Cliente,Neutro,0,Finanzas,5,1,BAJA,0,1.27
Tecnico,Emergencia,0,RRHH,24,0,ALTA,1,18.59
Atencion_Cliente,Neutro,0,Legal,43,0,BAJA,0,12.13
Tecnico,Neutro,0,Ventas,24,1,BAJA,0,9.29
Tecnico,Calmado,0,Legal,2,1,BAJA,0,7.16
Financiero,Molesto,1,Ventas,46,1,MEDIA,0,7.02
Administrativo,Emergencia,0,Operaciones,42,1,ALTA,1,26.73
Financiero,Neutro,1,Ventas,7,0,BAJA,0,10.71
Tecnico,Calmado,0,RRHH,47,0,BAJA,0,9.72
Legal,Neutro,1,Ventas,33,0,MEDIA,1,26.15
Atencion_Cliente,Molesto,0,IT,45,0,BAJA,0,10.96
Atencion_Cliente,Neutro,1,IT,8,0,BAJA,0,10.3
Financiero,Calmado,0,RRHH,4,0,BAJA,0,5.68
Financiero,Emergencia,0,Legal,4,0,MEDIA,0,8.75
Administrativo,Calmado,1,Ventas,37,0,BAJA,0,13.17
Tecnico,Emergencia,0,RRHH,19,1,ALTA,0,8.37
Legal,Neutro,0,Operaciones,26,1,BAJA,0,4.1
Financiero,Neutro,1,Finanzas,36,1,BAJA,0,15.3
Tecnico,Neutro,1,Legal,50,1,MEDIA,0,11.17
Administrativo,Neutro,1,Finanzas,24,0,BAJA,0,7.97
Financiero,Emergencia,1,Operaciones,15,1,ALTA,0,4.51
Administrativo,Neutro,1,Legal,16,0,BAJA,0,2.46
Tecnico,Molesto,0,Ventas,49,0,MEDIA,0,6.05
Tecnico,Emergencia,0,Finanzas,49,1,ALTA,1,26.48
Administrativo,Neutro,0,IT,2,1,BAJA,0,10.16
Administrativo,Molesto,1,Operaciones,2,1,MEDIA,0,5.31
Financiero,Emergencia,1,Ventas,20,1,ALTA,0,10.54
Administrativo,Neutro,0,Legal,17,1,BAJA,0,10.38
Tecnico,Emergencia,0,RRHH,32,0,ALTA,1,25.37
Financiero,Calmado,1,Legal,40,0,BAJA,0,13.56
Tecnico,Molesto,1,IT,37,1,MEDIA,0,14.57
Administrativo,Neutro,0,IT,35,1,BAJA,0,9.49
Administrativo,Molesto,1,Ventas,32,1,MEDIA,0,10.93
Legal,Neutro,1,Finanzas,31,0,MEDIA,1,26.56
Financiero,Emergencia,0,Operaciones,11,1,ALTA,0,3.11
Atencion_Cliente,Emergencia,0,Legal,14,1,ALTA,0,9.08
Administrativo,Molesto,1,Operaciones,50,1,MEDIA,0,14.06
Atencion_Cliente,Neutro,0,IT,48,0,BAJA,0,8.36
Administrativo,Emergencia,0,Operaciones,11,0,MEDIA,0,7.04
Legal,Emergencia,1,Finanzas,28,1,ALTA,1,19.51
Financiero,Emergencia,1,Operaciones,42,0,ALTA,1,29.36
Legal,Neutro,0,RRHH,5,1,BAJA,0,4.2
Financiero,Calmado,1,IT,11,0,BAJA,0,1.42
Atencion_Cliente,Emergencia,1,Operaciones,15,1,ALTA,0,1.46
Financiero,Neutro,1,Ventas,35,0,BAJA,0,12.49
Financiero,Neutro,1,RRHH,49,0,BAJA,0,15.93
Tecnico,Neutro,1,Ventas,15,1,MEDIA,0,4.91
Administrativo,Neutro,1,Finanzas,10,0,BAJA,0,7.0
Financiero,Emergencia,0,IT,50,1,ALTA,1,25.64
Tecnico,Calmado,0,IT,17,1,BAJA,0,2.33
Administrativo,Molesto,1,Operaciones,8,0,MEDIA,0,9.76
Financiero,Molesto,0,Ventas,4,1,BAJA,0,4.15
Atencion_Cliente,Calmado,0,Operaciones,9,0,BAJA,0,9.53
Tecnico,Molesto,0,Legal,5,0,MEDIA,0,2.29
Financiero,Emergencia,0,Ventas,46,1,ALTA,1,23.04
Legal,Molesto,1,Ventas,39,0,MEDIA,1,27.47
Administrativo,Neutro,1,Finanzas,1,1,BAJA,0,8.11
Administrativo,Emergencia,1,IT,9,1,ALTA,0,9.52
Atencion_Cliente,Emergencia,1,Legal,48,1,ALTA,1,29.35
Financiero,Emergencia,0,Legal,30,1,ALTA,1,24.27
Tecnico,Molesto,1,Operaciones,41,1,MEDIA,0,13.9
Tecnico,Calmado,1,Finanzas,29,1,MEDIA,0,6.2
Atencion_Cliente,Neutro,0,IT,14,1,BAJA,0,4.38
Financiero,Calmado,1,Legal,40,0,BAJA,0,13.16
Tecnico,Neutro,0,Legal,7,0,BAJA,0,4.96
Legal,Calmado,1,IT,40,0,MEDIA,1,26.14
Atencion_Cliente,Emergencia,0,IT,21,1,ALTA,1,25.27
Administrativo,Molesto,1,Operaciones,6,0,MEDIA,0,10.92
Tecnico,Emergencia,0,Legal,49,1,ALTA,1,23.9
Tecnico,Molesto,1,Ventas,7,1,MEDIA,0,9.16
Atencion_Cliente,Emergencia,0,Ventas,29,0,MEDIA,0,9.23
Tecnico,Calmado,0,RRHH,31,1,BAJA,0,8.29
Legal,Emergencia,1,Operaciones,21,0,ALTA,1,22.79
Financiero,Emergencia,0,IT,2,0,MEDIA,0,7.49
Tecnico,Emergencia,1,RRHH,17,0,ALTA,0,7.5
Tecnico,Neutro,1,Ventas,7,1,MEDIA,0,8.66
Legal,Molesto,0,Legal,29,0,MEDIA,0,8.23
Legal,Neutro,1,Finanzas,18,0,MEDIA,1,19.26
Administrativo,Emergencia,0,Legal,44,1,ALTA,1,23.37
Tecnico,Molesto,1,RRHH,15,1,MEDIA,0,6.35
Legal,Emergencia,1,Operaciones,39,0,ALTA,1,27.28
Atencion_Cliente,Neutro,0,IT,18,1,BAJA,0,10.97
Administrativo,Emergencia,1,Ventas,18,1,ALTA,0,4.26
Atencion_Cliente,Molesto,0,IT,13,1,BAJA,0,7.1
Administrativo,Emergencia,1,Finanzas,41,0,ALTA,1,29.73
Legal,Emergencia,1,Operaciones,38,0,ALTA,1,26.96
Tecnico,Emergencia,0,IT,31,1,ALTA,1,30.35
Financiero,Emergencia,0,Ventas,32,1,ALTA,1,26.52
Tecnico,Emergencia,0,RRHH,25,0,ALTA,1,16.14
Administrativo,Calmado,0,Operaciones,43,0,BAJA,0,12.46
Atencion_Cliente,Calmado,1,IT,46,1,BAJA,0,12.76
Administrativo,Emergencia,1,Finanzas,41,1,ALTA,1,23.8
Tecnico,Neutro,1,Legal,45,0,MEDIA,0,15.14
Legal,Emergencia,1,IT,2,0,ALTA,0,4.04
Legal,Calmado,1,Finanzas,3,0,MEDIA,0,2.57
Legal,Calmado,1,RRHH,42,1,MEDIA,1,23.5
Financiero,Molesto,1,Finanzas,40,1,MEDIA,0,12.89
Administrativo,Emergencia,1,IT,36,0,ALTA,1,24.27
Tecnico,Neutro,0,Finanzas,46,0,BAJA,0,14.39
Tecnico,Neutro,1,Operaciones,18,1,MEDIA,0,9.74
Financiero,Neutro,1,Finanzas,1,1,BAJA,0,10.94
Atencion_Cliente,Calmado,0,RRHH,28,0,BAJA,0,4.0
Atencion_Cliente,Neutro,0,Legal,8,1,BAJA,0,8.72
Tecnico,Neutro,0,Legal,48,0,BAJA,0,12.9
Administrativo,Emergencia,1,IT,0,1,ALTA,0,6.56
Legal,Neutro,0,RRHH,32,0,BAJA,0,15.92
Legal,Molesto,0,RRHH,27,1,MEDIA,0,4.34
Administrativo,Neutro,1,RRHH,32,0,BAJA,0,7.13
Administrativo,Neutro,0,Legal,34,0,BAJA,0,10.76
Administrativo,Neutro,0,Ventas,14,1,BAJA,0,10.15
Atencion_Cliente,Emergencia,1,Operaciones,49,0,ALTA,1,28.03
Legal,Molesto,1,Operaciones,48,0,MEDIA,1,27.47
Financiero,Molesto,0,IT,14,1,BAJA,0,4.73
Administrativo,Neutro,1,IT,39,1,BAJA,0,11.89
Legal,Emergencia,0,IT,36,0,ALTA,1,29.59
Financiero,Emergencia,1,Ventas,10,1,ALTA,0,7.34
Legal,Neutro,0,Finanzas,2,0,BAJA,0,6.87
Legal,Molesto,0,Finanzas,18,0,MEDIA,0,7.39
Financiero,Calmado,0,Finanzas,31,1,BAJA,0,9.38
Atencion_Cliente,Calmado,0,Ventas,35,1,BAJA,0,7.76
Legal,Emergencia,1,Legal,44,1,ALTA,1,25.74
Atencion_Cliente,Molesto,1,IT,7,0,MEDIA,0,3.31
Atencion_Cliente,Emergencia,0,Legal,27,1,ALTA,1,18.45
Administrativo,Emergencia,0,Operaciones,28,1,ALTA,1,20.02
Administrativo,Molesto,0,Ventas,13,1,BAJA,0,9.42
Administrativo,Neutro,0,RRHH,32,0,BAJA,0,14.06
Financiero,Calmado,1,Ventas,8,0,BAJA,0,4.95
Administrativo,Calmado,0,Ventas,24,1,BAJA,0,2.38
Financiero,Emergencia,1,RRHH,13,1,ALTA,0,1.02
Tecnico,Calmado,0,Operaciones,29,0,BAJA,0,9.2
Legal,Calmado,1,Legal,41,0,MEDIA,1,27.49
Administrativo,Calmado,1,Legal,3,1,BAJA,0,8.42
Atencion_Cliente,Calmado,0,IT,19,1,BAJA,0,2.31
Legal,Emergencia,1,Operaciones,2,0,ALTA,0,8.04
Legal,Neutro,0,Legal,48,0,BAJA,0,8.15
Administrativo,Emergencia,0,Operaciones,29,1,ALTA,1,18.84
Financiero,Molesto,1,IT,32,0,MEDIA,0,13.51
Atencion_Cliente,Emergencia,0,IT,20,0,MEDIA,0,6.3
Administrativo,Emergencia,0,RRHH,16,1,ALTA,0,9.56
Legal,Calmado,0,Operaciones,27,0,BAJA,0,6.84
Financiero,Neutro,0,Operaciones,36,0,BAJA,0,11.57
Financiero,Molesto,0,Legal,9,0,BAJA,0,8.39
Financiero,Calmado,1,Legal,46,1,BAJA,0,6.42
Legal,Calmado,0,Ventas,48,1,BAJA,0,10.18
Tecnico,Calmado,1,Operaciones,27,1,MEDIA,0,10.24
Tecnico,Calmado,0,Legal,23,0,BAJA,0,5.91
Atencion_Cliente,Emergencia,0,Finanzas,28,0,MEDIA,0,9.26
Tecnico,Neutro,1,Legal,42,0,MEDIA,0,8.98
Administrativo,Molesto,1,Operaciones,9,1,MEDIA,0,3.39
Tecnico,Calmado,1,Operaciones,43,1,MEDIA,0,9.96
Legal,Neutro,0,IT,33,1,BAJA,0,14.41
Financiero,Emergencia,0,IT,18,0,MEDIA,0,3.9
Administrativo,Calmado,0,Legal,27,0,BAJA,0,3.55
Legal,Neutro,0,Operaciones,30,0,BAJA,0,2.33
Financiero,Emergencia,0,Operaciones,0,1,ALTA,0,2.86
Atencion_Cliente,Calmado,1,Finanzas,31,1,BAJA,0,13.81
Administrativo,Calmado,1,Operaciones,20,1,BAJA,0,5.55
Financiero,Calmado,0,Finanzas,2,1,BAJA,0,2.58
Administrativo,Emergencia,0,IT,18,1,ALTA,0,6.82
Tecnico,Neutro,1,Operaciones,2,0,MEDIA,0,9.88
Atencion_Cliente,Emergencia,1,Legal,33,1,ALTA,1,21.67
Legal,Calmado,1,Operaciones,4,1,MEDIA,0,1.99
Financiero,Emergencia,1,Finanzas,7,0,ALTA,0,6.85
Administrativo,Emergencia,0,Finanzas,24,0,MEDIA,0,5.82
Legal,Neutro,0,Operaciones,34,1,BAJA,0,14.58
Financiero,Calmado,1,IT,2,1,BAJA,0,9.6
Financiero,Molesto,0,Finanzas,17,0,BAJA,0,7.14
Administrativo,Calmado,0,IT,20,0,BAJA,0,1.89
Legal,Emergencia,0,Operaciones,49,0,ALTA,1,29.15
Financiero,Calmado,0,Ventas,44,1,BAJA,0,8.01
Financiero,Calmado,0,RRHH,14,1,BAJA,0,5.65
Administrativo,Molesto,0,IT,41,1,BAJA,0,6.09
Legal,Emergencia,0,Ventas,10,1,ALTA,0,8.7
Legal,Neutro,0,RRHH,20,1,BAJA,0,4.96
Legal,Neutro,0,RRHH,39,0,BAJA,0,6.13
Legal,Calmado,1,Operaciones,25,0,MEDIA,1,19.66
Atencion_Cliente,Neutro,1,RRHH,38,1,BAJA,0,14.61
Administrativo,Emergencia,0,Ventas,23,0,MEDIA,0,2.06
Atencion_Cliente,Molesto,0,RRHH,12,1,BAJA,0,4.66
Legal,Molesto,0,Operaciones,19,0,MEDIA,0,3.56
Atencion_Cliente,Neutro,1,RRHH,48,1,BAJA,0,14.41
Legal,Emergencia,1,Operaciones,11,0,ALTA,1,25.47
Administrativo,Molesto,0,Ventas,44,1,BAJA,0,10.4
Legal,Neutro,1,Ventas,27,1,MEDIA,1,20.56
Financiero,Emergencia,0,Finanzas,47,0,MEDIA,0,12.54
Financiero,Neutro,1,Operaciones,33,1,BAJA,0,6.76
Tecnico,Neutro,1,Legal,35,0,MEDIA,0,8.87
Legal,Emergencia,1,Finanzas,46,1,ALTA,1,26.27
Atencion_Cliente,Molesto,0,Operaciones,0,1,BAJA,0,8.9
Atencion_Cliente,Emergencia,0,Ventas,31,1,ALTA,1,21.8
Administrativo,Neutro,1,Finanzas,32,0,BAJA,0,9.59
Legal,Calmado,0,Operaciones,42,1,BAJA,0,11.18
Administrativo,Calmado,0,Legal,22,1,BAJA,0,1.88
Administrativo,Emergencia,0,Legal,31,0,MEDIA,0,12.64
Tecnico,Neutro,0,Finanzas,27,1,BAJA,0,4.21
Legal,Emergencia,1,Ventas,35,0,ALTA,1,25.53
Atencion_Cliente,Calmado,0,Legal,6,0,BAJA,0,4.69
Legal,Neutro,0,IT,42,0,BAJA,0,13.68
Atencion_Cliente,Calmado,1,Ventas,25,0,BAJA,0,9.66
Administrativo,Calmado,1,Finanzas,8,0,BAJA,0,1.4
Administrativo,Emergencia,1,Finanzas,26,0,ALTA,1,21.04
Legal,Calmado,0,RRHH,6,1,BAJA,0,6.28
Legal,Calmado,1,Finanzas,34,1,MEDIA,1,30.5
Tecnico,Neutro,0,Operaciones,50,0,BAJA,0,11.19
Administrativo,Emergencia,1,Legal,32,1,ALTA,1,24.21
Administrativo,Calmado,1,Finanzas,11,0,BAJA,0,1.43
Legal,Molesto,0,RRHH,25,1,MEDIA,0,3.99
Atencion_Cliente,Molesto,1,Legal,33,0,MEDIA,0,7.61
Atencion_Cliente,Neutro,0,RRHH,14,1,BAJA,0,8.5
Tecnico,Emergencia,1,Ventas,3,1,ALTA,0,8.9
Administrativo,Emergencia,0,Legal,40,1,ALTA,1,28.13
Atencion_Cliente,Calmado,0,Ventas,34,1,BAJA,0,7.19
Legal,Calmado,0,IT,15,0,BAJA,0,4.87
Administrativo,Neutro,0,IT,28,0,BAJA,0,5.51
Tecnico,Neutro,1,IT,5,1,MEDIA,0,9.68
Financiero,Molesto,1,IT,20,1,MEDIA,0,5.71
Financiero,Molesto,1,IT,21,1,MEDIA,0,6.74
Financiero,Emergencia,0,RRHH,40,0,MEDIA,0,15.75
Legal,Calmado,0,Ventas,25,0,BAJA,0,9.18
Atencion_Cliente,Neutro,0,RRHH,20,1,BAJA,0,9.37
Financiero,Calmado,0,Finanzas,33,0,BAJA,0,12.11
Financiero,Emergencia,0,Operaciones,34,0,MEDIA,0,7.12
Legal,Emergencia,0,IT,34,0,ALTA,1,24.77
Financiero,Emergencia,0,IT,34,0,MEDIA,0,11.37
Legal,Neutro,1,IT,23,0,MEDIA,1,23.61
Tecnico,Neutro,0,Legal,45,1,BAJA,0,11.33
Administrativo,Molesto,1,IT,47,0,MEDIA,0,14.97
Financiero,Molesto,1,Finanzas,1,1,MEDIA,0,6.16
Financiero,Neutro,1,IT,26,1,BAJA,0,2.76
Atencion_Cliente,Molesto,0,IT,38,0,BAJA,0,14.1
Financiero,Molesto,1,Ventas,50,0,MEDIA,0,8.99
Financiero,Calmado,0,Finanzas,45,0,BAJA,0,11.44
Financiero,Emergencia,1,Legal,17,0,ALTA,0,8.04
Legal,Emergencia,1,Finanzas,45,1,ALTA,1,25.21
Legal,Molesto,0,RRHH,2,0,MEDIA,0,1.35
Legal,Calmado,0,Ventas,2,1,BAJA,0,10.11
Financiero,Neutro,0,Ventas,32,1,BAJA,0,11.0
Atencion_Cliente,Emergencia,1,Operaciones,37,1,ALTA,1,23.34
Financiero,Calmado,0,Legal,9,0,BAJA,0,8.11
Atencion_Cliente,Neutro,1,Operaciones,46,1,BAJA,0,15.6
Atencion_Cliente,Emergencia,1,Finanzas,20,0,ALTA,0,7.02
Atencion_Cliente,Emergencia,1,Operaciones,42,0,ALTA,1,22.2
Legal,Emergencia,0,Ventas,39,0,ALTA,1,24.75
Atencion_Cliente,Emergencia,1,RRHH,23,1,ALTA,1,17.15
Legal,Calmado,0,Legal,2,1,BAJA,0,1.03
Legal,Neutro,1,IT,25,1,MEDIA,1,24.21
Tecnico,Calmado,0,Legal,47,1,BAJA,0,12.38
Atencion_Cliente,Neutro,1,Operaciones,39,1,BAJA,0,12.43
Atencion_Cliente,Calmado,0,RRHH,18,0,BAJA,0,6.29
Tecnico,Neutro,1,Finanzas,11,0,MEDIA,0,7.62
Atencion_Cliente,Emergencia,1,Legal,42,0,ALTA,1,29.31
Atencion_Cliente,Emergencia,1,Legal,16,1,ALTA,0,7.44
Legal,Neutro,0,RRHH,0,0,BAJA,0,2.4
Tecnico,Molesto,0,IT,22,1,MEDIA,0,8.27
Atencion_Cliente,Molesto,0,Operaciones,9,1,BAJA,0,7.84
Tecnico,Calmado,1,Finanzas,44,0,MEDIA,0,9.42
Financiero,Molesto,1,IT,30,0,MEDIA,0,9.46
Administrativo,Molesto,0,Finanzas,10,0,BAJA,0,7.29
Legal,Calmado,1,Operaciones,17,1,MEDIA,1,24.48
Legal,Neutro,0,Finanzas,35,1,BAJA,0,10.14
Administrativo,Emergencia,1,Ventas,42,0,ALTA,1,25.34
Legal,Calmado,1,RRHH,3,1,MEDIA,0,6.17
Legal,Emergencia,1,RRHH,2,1,ALTA,0,2.42
Tecnico,Neutro,0,IT,0,0,BAJA,0,9.51
Legal,Calmado,1,Operaciones,27,0,MEDIA,1,24.17
Legal,Neutro,0,Finanzas,47,1,BAJA,0,6.69
Administrativo,Emergencia,1,Ventas,32,1,ALTA,1,28.41
Atencion_Cliente,Emergencia,0,Ventas,12,0,MEDIA,0,10.95
Tecnico,Emergencia,1,IT,34,0,ALTA,1,28.92
Financiero,Molesto,1,Ventas,33,1,MEDIA,0,9.8
Legal,Neutro,1,RRHH,50,0,MEDIA,1,21.03
Legal,Neutro,0,Ventas,26,0,BAJA,0,3.35
Legal,Neutro,0,IT,38,0,BAJA,0,6.99
Administrativo,Neutro,0,Legal,16,0,BAJA,0,8.7
Administrativo,Calmado,1,Finanzas,10,0,BAJA,0,10.26
Legal,Molesto,1,IT,7,1,MEDIA,0,6.68
Atencion_Cliente,Molesto,1,Legal,35,0,MEDIA,0,13.8
Administrativo,Emergencia,1,IT,11,1,ALTA,0,9.97
Administrativo,Calmado,0,RRHH,42,0,BAJA,0,13.28
Financiero,Neutro,0,IT,0,0,BAJA,0,1.33
Atencion_Cliente,Molesto,1,Ventas,19,1,MEDIA,0,3.32
Administrativo,Calmado,0,Legal,16,0,BAJA,0,1.17
Financiero,Neutro,0,Legal,25,1,BAJA,0,3.67
Tecnico,Neutro,0,Finanzas,1,1,BAJA,0,7.24
Administrativo,Neutro,1,RRHH,45,1,BAJA,0,15.41
Financiero,Molesto,0,Ventas,2,1,BAJA,0,1.87
Administrativo,Emergencia,1,Finanzas,37,1,ALTA,1,29.28
Tecnico,Neutro,0,IT,12,0,BAJA,0,3.98
Tecnico,Emergencia,0,IT,49,1,ALTA,1,24.75
Financiero,Molesto,0,IT,7,0,BAJA,0,7.28
Atencion_Cliente,Neutro,1,Legal,31,0,BAJA,0,11.11
Tecnico,Neutro,0,Operaciones,35,0,BAJA,0,13.5
Administrativo,Emergencia,1,Finanzas,43,1,ALTA,1,28.17
Financiero,Molesto,1,Operaciones,15,0,MEDIA,0,9.63
Atencion_Cliente,Emergencia,0,Ventas,3,0,MEDIA,0,10.73
Financiero,Neutro,1,IT,29,1,BAJA,0,8.93
Administrativo,Calmado,1,RRHH,32,1,BAJA,0,13.23
Legal,Calmado,0,Ventas,43,0,BAJA,0,8.94
Atencion_Cliente,Calmado,0,Operaciones,40,1,BAJA,0,12.83
Tecnico,Molesto,1,Operaciones,15,0,MEDIA,0,6.26
Atencion_Cliente,Molesto,0,Finanzas,20,1,BAJA,0,1.86
Atencion_Cliente,Molesto,1,Operaciones,12,1,MEDIA,0,10.63
Atencion_Cliente,Calmado,1,Finanzas,20,0,BAJA,0,7.83
Atencion_Cliente,Emergencia,0,Ventas,14,0,MEDIA,0,1.22
Legal,Emergencia,0,Operaciones,38,1,ALTA,1,28.73
Financiero,Emergencia,0,Finanzas,36,0,MEDIA,0,11.46
Legal,Emergencia,0,RRHH,40,1,ALTA,1,30.6
Financiero,Molesto,0,RRHH,13,1,BAJA,0,10.17
Financiero,Neutro,0,Finanzas,34,0,BAJA,0,10.87
Financiero,Emergencia,1,Finanzas,41,0,ALTA,1,22.36
Administrativo,Emergencia,1,Operaciones,24,0,ALTA,1,21.37
Administrativo,Molesto,0,Legal,25,1,BAJA,0,1.26
Tecnico,Molesto,0,Ventas,40,1,MEDIA,0,9.9
Atencion_Cliente,Molesto,0,Legal,15,0,BAJA,0,7.92
Financiero,Neutro,1,Operaciones,36,1,BAJA,0,10.75
Legal,Calmado,1,Ventas,27,1,MEDIA,1,25.04
Financiero,Neutro,0,RRHH,40,0,BAJA,0,8.88
Financiero,Calmado,1,IT,45,1,BAJA,0,7.5
Atencion_Cliente,Molesto,1,Finanzas,4,1,MEDIA,0,9.99
Tecnico,Neutro,1,IT,15,1,MEDIA,0,9.21
Legal,Neutro,0,Ventas,45,0,BAJA,0,7.85
Legal,Emergencia,0,Finanzas,26,0,ALTA,1,20.79
Tecnico,Neutro,1,Finanzas,3,0,MEDIA,0,8.31
Atencion_Cliente,Calmado,1,Legal,23,0,BAJA,0,2.3
Atencion_Cliente,Calmado,0,RRHH,30,1,BAJA,0,4.25
Atencion_Cliente,Calmado,1,Operaciones,10,1,BAJA,0,8.68
Legal,Molesto,0,IT,48,0,MEDIA,0,11.22
Tecnico,Neutro,0,Legal,29,0,BAJA,0,9.97
Financiero,Emergencia,0,RRHH,17,0,MEDIA,0,2.42
Financiero,Calmado,1,RRHH,12,0,BAJA,0,10.6
Legal,Calmado,0,Ventas,17,0,BAJA,0,4.98
Tecnico,Emergencia,0,RRHH,2,0,ALTA,0,8.01
Atencion_Cliente,Emergencia,0,Finanzas,9,0,MEDIA,0,2.81
Atencion_Cliente,Calmado,1,Legal,46,1,BAJA,0,10.09
Atencion_Cliente,Calmado,1,RRHH,1,0,BAJA,0,3.94
Legal,Molesto,0,IT,49,1,MEDIA,0,7.52
Financiero,Molesto,0,Ventas,42,0,BAJA,0,14.05
Administrativo,Emergencia,0,IT,50,0,MEDIA,0,14.97
Administrativo,Calmado,0,Operaciones,28,1,BAJA,0,8.72
Administrativo,Calmado,1,RRHH,48,1,BAJA,0,6.31
Administrativo,Molesto,1,Legal,25,0,MEDIA,0,1.66
Administrativo,Molesto,1,Operaciones,30,0,MEDIA,0,4.86
Tecnico,Emergencia,1,Ventas,43,0,ALTA,1,27.77
Financiero,Molesto,1,Finanzas,45,1,MEDIA,0,10.97
Administrativo,Emergencia,0,Ventas,7,0,MEDIA,0,8.53
Atencion_Cliente,Calmado,1,Operaciones,49,0,BAJA,0,8.91
Financiero,Emergencia,0,Ventas,19,1,ALTA,0,2.38
Legal,Molesto,1,RRHH,38,1,MEDIA,1,28.86
Tecnico,Molesto,0,IT,10,0,MEDIA,0,10.4
Financiero,Molesto,1,Operaciones,47,0,MEDIA,0,11.77
Tecnico,Emergencia,0,IT,16,1,ALTA,0,1.2
Atencion_Cliente,Emergencia,0,IT,24,0,MEDIA,0,8.98
Tecnico,Calmado,0,Operaciones,6,0,BAJA,0,9.74
Tecnico,Molesto,0,Finanzas,45,1,MEDIA,0,11.28
Atencion_Cliente,Neutro,0,Legal,11,1,BAJA,0,6.06
Financiero,Neutro,0,Legal,7,0,BAJA,0,2.17
Atencion_Cliente,Emergencia,1,RRHH,39,1,ALTA,1,28.07
Legal,Emergencia,1,Ventas,13,1,ALTA,1,23.93
Tecnico,Neutro,0,Operaciones,26,1,BAJA,0,3.07
Atencion_Cliente,Calmado,0,RRHH,11,0,BAJA,0,7.28
Atencion_Cliente,Molesto,0,IT,10,1,BAJA,0,9.15
Tecnico,Molesto,1,Operaciones,45,0,MEDIA,0,15.59
Atencion_Cliente,Neutro,1,Finanzas,44,1,BAJA,0,12.67
Atencion_Cliente,Neutro,0,Finanzas,29,0,BAJA,0,4.21
Legal,Neutro,0,IT,26,0,BAJA,0,6.13
Administrativo,Molesto,1,Operaciones,24,1,MEDIA,0,5.6
Tecnico,Emergencia,1,Finanzas,26,0,ALTA,1,19.6
Financiero,Neutro,1,RRHH,21,1,BAJA,0,9.3
Financiero,Calmado,1,Finanzas,0,1,BAJA,0,1.19
Tecnico,Molesto,1,Finanzas,39,1,MEDIA,0,6.41
Atencion_Cliente,Neutro,1,IT,10,1,BAJA,0,2.21
Legal,Calmado,1,Ventas,42,0,MEDIA,1,26.05
Legal,Emergencia,0,RRHH,31,1,ALTA,1,30.16
Legal,Emergencia,1,Operaciones,11,1,ALTA,1,23.65
Legal,Molesto,0,RRHH,24,1,MEDIA,0,7.51
Atencion_Cliente,Molesto,0,RRHH,41,1,BAJA,0,12.72
Tecnico,Neutro,1,Operaciones,15,0,MEDIA,0,3.06
Legal,Molesto,1,Finanzas,16,1,MEDIA,1,22.84
Tecnico,Neutro,1,RRHH,43,1,MEDIA,0,12.56
Legal,Molesto,0,Legal,32,0,MEDIA,0,15.33
Legal,Neutro,0,Operaciones,48,0,BAJA,0,15.92
Financiero,Calmado,0,IT,43,0,BAJA,0,14.03
Legal,Emergencia,1,Finanzas,9,0,ALTA,0,2.69
Tecnico,Neutro,1,Operaciones,46,0,MEDIA,0,6.53
Financiero,Neutro,0,RRHH,19,1,BAJA,0,4.16
Tecnico,Calmado,0,Legal,33,0,BAJA,0,11.49
Tecnico,Molesto,1,RRHH,37,1,MEDIA,0,8.17
Tecnico,Neutro,1,Ventas,13,1,MEDIA,0,1.65
Financiero,Emergencia,0,Legal,7,0,MEDIA,0,8.2
Administrativo,Calmado,1,Legal,43,1,BAJA,0,8.18
Tecnico,Neutro,1,RRHH,42,1,MEDIA,0,15.67
Administrativo,Calmado,1,Operaciones,28,1,BAJA,0,5.03
Administrativo,Emergencia,1,IT,15,0,ALTA,0,10.8
Atencion_Cliente,Calmado,1,Ventas,25,0,BAJA,0,4.88
Administrativo,Molesto,0,Ventas,50,0,BAJA,0,15.49
Tecnico,Neutro,1,IT,32,1,MEDIA,0,8.79
